-塑胶,太空杯500ml,FGA-102,兰
塑胶,,,茶
塑胶,,,黄
塑胶,太空杯650ml,FGA-103,兰
塑胶,,,茶
塑胶,,,黄
塑胶,太空杯800ml,FGA-104,兰
塑胶,,,茶
塑胶,,,黄
塑胶,太空杯1000ml,FGA-105,兰
塑胶,,,茶
塑胶,,,黄
塑胶,太空杯1500ml,FGA-106,兰
塑胶,,,茶
塑胶,,,黄
塑胶,太空杯2000ml,FGA-107,兰
塑胶,,,茶
塑胶,新世纪滤叶太空杯500ml,FGA-J1102,透明花瓶
塑胶,新世纪滤叶太空杯650ml,FGA-J1103,透明花瓶
塑胶,新世纪滤叶太空杯800ml,FGA-J1104,透明花瓶
塑胶,新世纪滤叶太空杯1000ml,FGA-J1105,透明花瓶
塑胶,新世纪滤叶太空杯1500ml,FGA-J1101,透明花瓶
塑胶,E代500ml幻彩杯,FGA-1106,兰
塑胶,,,黄
塑胶,,,粉红
塑胶,E代太空杯500ml杯1型,FGA-1106,兰
塑胶,,,白
塑胶,,,茶
塑胶,,,绿
塑胶,,,黄
塑胶,,,蓝绿
塑胶,,,军绿
塑胶,E代太空杯500ml杯2型,FGA-1106,兰
塑胶,,,白
塑胶,,,茶
塑胶,,,绿
塑胶,,,黄
塑胶,,,军绿
塑胶,,,粉红
塑胶,,,蓝绿
塑胶,E代太空杯500ml杯3型,FGA-1106,兰
塑胶,,,白
塑胶,,,茶
塑胶,,,绿
塑胶,,,黄
塑胶,,,蓝绿
塑胶,E代太空杯650ml杯1型,FGA-1107,兰
塑胶,,,白
塑胶,,,茶
塑胶,,,绿
塑胶,,,黄
塑胶,,,蓝绿
塑胶,,,军绿
塑胶,E代太空杯650ml杯2型,FGA-1107,兰
塑胶,,,白
塑胶,,,茶
塑胶,,,绿
塑胶,,,黄
塑胶,,,蓝绿
塑胶,,,军绿
塑胶,E代太空杯650ml杯3型,FGA-1107,兰
塑胶,,,白
塑胶,,,茶
塑胶,,,绿
塑胶,,,黄
塑胶,,,蓝绿
塑胶,E代太空杯800ml杯1型,FGA-1108,兰
塑胶,,,白
塑胶,,,茶
塑胶,,,绿
塑胶,,,黄
塑胶,,,蓝绿
塑胶,E代太空杯800ml杯2型,FGA-1108,兰
塑胶,,,白
塑胶,,,茶
塑胶,,,绿
塑胶,,,黄
塑胶,,,蓝绿
塑胶,,,军绿
塑胶,E代太空杯800ml杯3型,FGA-1108,兰
塑胶,,,白
塑胶,,,茶
塑胶,,,绿
塑胶,,,黄
塑胶,,,蓝绿
塑胶,,,军绿
塑胶,E代太空杯1000ml杯1型,FGA-1109,兰
塑胶,,,白
塑胶,,,茶
塑胶,,,绿
塑胶,,,黄
塑胶,,,蓝绿
塑胶,E代太空杯1000ml杯2型,FGA-1109,兰
塑胶,,,白
塑胶,,,茶
塑胶,,,绿
塑胶,,,黄
塑胶,,,蓝绿
塑胶,,,军绿
塑胶,E代太空杯1000ml杯3型,FGA-1109,兰
塑胶,,,白
塑胶,,,茶
塑胶,,,绿
塑胶,,,黄
塑胶,,,蓝绿
塑胶,,,军绿
塑胶,E代太空杯1500ml杯1型,FGA-1110,兰
塑胶,,,白
塑胶,,,茶
塑胶,,,绿
塑胶,,,黄
塑胶,,,蓝绿
塑胶,E代太空杯1500ml杯3型,FGA-1110,兰
塑胶,,,白
塑胶,,,茶
塑胶,,,绿
塑胶,,,黄
塑胶,,,蓝绿
塑胶,E代水壶700ml太空杯,FGA168-700,兰
塑胶,,,军绿
塑胶,E代水壶900ml太空杯,FGA168-900,兰
塑胶,,,军绿
塑胶,动感滤叶太空杯500ml杯1型,FGA-1200,兰
塑胶,,,白
塑胶,,,茶
塑胶,,,绿
塑胶,,,黄
塑胶,,,蓝绿
塑胶,,,粉红
塑胶,动感滤叶太空杯650ml杯1型,FGA-1201,兰
塑胶,,,白
塑胶,,,茶
塑胶,,,绿
塑胶,,,黄
塑胶,,,蓝绿
塑胶,,,粉红
塑胶,动感滤叶太空杯800ml杯1型,FGA-1202,兰
塑胶,,,白
塑胶,,,茶
塑胶,,,绿
塑胶,,,黄
塑胶,,,蓝绿
塑胶,动感滤叶太空杯1000ml杯1型,FGA-1203,兰
塑胶,,,白
塑胶,,,茶
塑胶,,,绿
塑胶,,,黄
塑胶,,,蓝绿
塑胶,动感滤叶太空杯1500ml杯1型,FGA-1204,兰
塑胶,,,白
塑胶,,,茶
塑胶,,,绿
塑胶,,,黄
塑胶,,,蓝绿
塑胶,动感滤叶太空杯2000ml杯1型,FGA-1205,兰
塑胶,,,白
塑胶,,,茶
塑胶,,,绿
塑胶,,,黄
塑胶,,,蓝绿
塑胶,动感滤叶太空杯2800ml杯1型,FGA-1337,兰
塑胶,,,茶
塑胶,400ml新动感太空杯1型,FGA121-400,浅兰
塑胶,,,浅紫
塑胶,,,黑紫
塑胶,500ml新动感太空杯1型,FGA121-500,浅兰
塑胶,,,浅紫
塑胶,,,黑紫
塑胶,600ml新动感太空杯1型,FGA121-600,浅兰
塑胶,,,浅紫
塑胶,,,黑紫
塑胶,400ml新动感太空杯2型,FGA122-400,兰
塑胶,,,紫
塑胶,,,绿
塑胶,500ml新动感太空杯2型,FGA122-500,兰
塑胶,,,紫
塑胶,,,绿
塑胶,600ml新动感太空杯2型,FGA122-600,兰
塑胶,,,紫
塑胶,,,绿
塑胶,500ml新动感太空杯3型,FGA123-500,兰
塑胶,,,紫
塑胶,600ml新动感太空杯3型,FGA123-600,兰
塑胶,,,紫
塑胶,800ml新动感太空杯3型,FGA123-800,浅兰
塑胶,,,黑紫
塑胶,1000ml新动感太空杯3型,FGA123-1000,浅兰
塑胶,,,黑紫
塑胶,400ml新动感太空杯3型-2,FGA123-400,浅兰
塑胶,,,浅紫
塑胶,500ml新动感太空杯3型-2,FGA123-500,浅兰
塑胶,,,浅紫
塑胶,600ml新动感太空杯3型-2,FGA123-600,浅兰
塑胶,,,浅紫
塑胶,待插入产品,,
塑胶,待插入产品,,
塑胶,待插入产品,,
塑胶,待插入产品,,
塑胶,650ml动感太空杯5型,FGA118-650,兰色
塑胶,,,黑紫
塑胶,,,白色
塑胶,800ml动感太空杯5型,FGA118-800,兰色
塑胶,,,黑紫
塑胶,,,白色
塑胶,A型200ml运动壶,FGQ-1212,混
塑胶,,,兰
塑胶,A型300ml运动壶,FGQ-1210,混
塑胶,,,兰
塑胶,A型400ml运动壶,FGQ-1211,混
塑胶,,,兰
塑胶,A型500ml运动壶,FGQ-1205,混
塑胶,,,兰
塑胶,A型600ml运动壶,FGQ-1206,混
塑胶,,,兰
塑胶,A型800ml运动壶,FGQ-1207,混
塑胶,,,兰
塑胶,A型1000ml运动壶,FGQ-1208,混
塑胶,,,兰
塑胶,A型1500ml运动壶,FGQ-1209,混
塑胶,,,兰
塑胶,450ml运动壶3型,FGA138-450,混装
塑胶,550ml运动壶3型,FGA138-550,混装
塑胶,650ml运动壶3型,FGA138-650,混装
塑胶,300ml运动壶4型,FGA139-300,混
塑胶,,,
塑胶,400ml运动壶4型,FGA139-400,混
塑胶,,,
塑胶,500ml运动壶4型,FGA139-500,混
塑胶,,,
塑胶,300ml时尚太空杯,FGA124-300,兰色
塑胶,,,淡黄色
塑胶,,,黄色
塑胶,,,粉红色
塑胶,400ml时尚太空杯,FGA124-400,黄色
塑胶,,,淡黄色
塑胶,,,兰色
塑胶,,,粉红色
塑胶,500ml时尚太空杯2型,FGQ-1306,桔
塑胶,,,绿
塑胶,,,粉红
塑胶,,,兰
塑胶,650ml时尚太空杯2型,FGQ-1307,桔
塑胶,,,绿
塑胶,,,粉红
塑胶,,,兰
塑胶,800ml时尚太空杯2型,FGQ-1308,桔
塑胶,,,绿
塑胶,,,粉红
塑胶,1000ml时尚太空杯2型,FGQ-1309,桔
塑胶,,,绿
塑胶,,,粉红
塑胶,待插入产品,,
塑胶,待插入产品,,
塑胶,待插入产品,,
塑胶,待插入产品,,
塑胶,600ml时尚太空杯6型-1,FGA150-600,蓝色
塑胶,,,绿色
塑胶,600ml时尚太空杯6型-2,FGA150-600,蓝色
塑胶,,,绿色
塑胶,800ml时尚太空杯6型-1,FGA150-800,蓝色
塑胶,,,绿色
塑胶,800ml时尚太空杯6型-2,FGA150-800,蓝色
塑胶,,,绿色
塑胶,1000ml时尚太空杯6型-1,FGA150-1000,蓝色
塑胶,,,绿色
塑胶,1000ml时尚太空杯6型-2,FGA150-1000,蓝色
塑胶,,,绿色
塑胶,400ml时尚太空杯8型,FGA105-400,兰色
塑胶,,,绿色
塑胶,,,茶色
塑胶,,,桔色
塑胶,,,粉色
塑胶,,,混装
塑胶,600ml时尚太空杯8型,FGA105-600,兰色
塑胶,,,绿色
塑胶,,,茶色
塑胶,,,桔色
塑胶,,,粉色
塑胶,,,混装
塑胶,富光咔咔水杯（48只）,FGA126-260,混色
塑胶,,FGA126-330,混色
塑胶,,FGA126-340,混色
塑胶,,FGA126-350,混色
塑胶,,FGA126-370,混色
塑胶,,FGA126-450,混色
塑胶,咔咔儿童壶（48只）,FPH111-260,混色
塑胶,,FPH111-330,混色
塑胶,,FPH111-370,混色
塑胶,,FPH111-450,混色
塑胶,富光咔咔水杯3型（48只）,FHP115-480,混色
塑胶,400ml优优太空杯1型,FGA104-400-1,兰色
塑胶,,,粉色
塑胶,,,桔色
塑胶,,,绿色
塑胶,,,混装
塑胶,400ml优优太空杯2型,,兰色
塑胶,,,粉色
塑胶,,,桔色
塑胶,,,绿色
塑胶,400ml优优太空杯3型,,兰色
塑胶,,,粉色
塑胶,,,桔色
塑胶,,,绿色
塑胶,600ml学生壶,FGA107-600,红色
塑胶,,,兰色
塑胶,800ml学生壶,FGA107-800,红色
塑胶,,,兰色
塑胶,600ml学生壶2型,FGA119-600,红卡通
塑胶,,,卡通
塑胶,,,男生
塑胶,,,女生
塑胶,800ml学生壶2型,FGA119-800,红卡通
塑胶,,,卡通
塑胶,,,男生
塑胶,,,女生
塑胶,300ml炫耀太空杯,FGA102-300,混装
塑胶,400ml炫耀太空杯,FGA102-400,混装
塑胶,500ml炫耀太空杯,FGA102-500,混装
塑胶,600ml炫耀太空杯,FGA102-600,混装
塑胶,300ml炫耀太空杯B型,FGA102-300,混装
塑胶,400ml炫耀太空杯B型,FGA102-400,混装
塑胶,500ml炫耀太空杯B型,FGA102-500,混装
塑胶,600ml炫耀太空杯B型,FGA102-600,混装
塑胶,420ml泡茶师太空杯,FGA-1336,
塑胶,580ml泡茶师太空杯,FGA-1335,
塑胶,760ml泡茶师太空杯,FGA-1334,
塑胶,待插入产品,,
塑胶,待插入产品,,
塑胶,待插入产品,,
塑胶,待插入产品,,
塑胶,E动500ml太空杯,FGA-1342,蓝
塑胶,,,白
塑胶,,,茶
塑胶,,,紫
塑胶,E动400ml太空杯1型,FGA129-400,兰
塑胶,,,绿
塑胶,,,桔
塑胶,,,粉
塑胶,E动520ml太空杯1型,FGA129-520,兰
塑胶,,,绿
塑胶,,,桔
塑胶,,,粉
塑胶,E动600ml太空杯1型,FGA129-600,兰
塑胶,,,绿
塑胶,,,桔
塑胶,,,粉
塑胶,E动500ml太空杯3型,FGA108-500,黑紫色
塑胶,,,兰色
塑胶,E动600ml太空杯3型,FGA108-600,黑紫色
塑胶,,,兰色
塑胶,E动800ml太空杯3型,FGA108-800,黑紫色
塑胶,,,兰色
塑胶,E动500ml太空杯5型,FGA120-500,兰色
塑胶,,,绿色
塑胶,E动600ml太空杯5型,FGA120-600,兰色
塑胶,,,绿色
塑胶,E动800ml太空杯5型,FGA120-800,兰色
塑胶,,,绿色
塑胶,E动500ml太空杯6型,FGA115-500-6,兰
塑胶,,,紫
塑胶,,,黑紫
塑胶,E动650ml太空杯6型,FGA115-650-6,兰
塑胶,,,紫
塑胶,,,黑紫
塑胶,E动800ml太空杯6型,FGA115-800-6,兰
塑胶,,,紫
塑胶,,,黑紫
塑胶,精品远动壶1型400ml,FGA101-400-1,混 
塑胶,精品运动壶1型500ml,FGA101-500-1,混
塑胶,精品远动壶1型800ml,FGA101-800-1,蓝色
塑胶,,,绿色
塑胶,精品远动壶1型1000ml,FGA101-1000-1,蓝色
塑胶,,,绿色
塑胶,精品远动壶1型1500ml,FGA101-1500-1,蓝色
塑胶,,,绿色
塑胶,精品运动壶2000ml,FGA101-2000,淡蓝
塑胶,,,淡绿
塑胶,精品运动壶2600ml,FGA101-2600,淡蓝
塑胶,,,淡绿
塑胶,精品500ml太空杯,FGA109-500,蓝色
塑胶,,,粉色
塑胶,精品650ml太空杯,FGA109-650,蓝色
塑胶,,,粉色
塑胶,精品800ml太空杯,FGA109-800,蓝色
塑胶,,,粉色
塑胶,350ml精品太空杯5型,FGA128-350,混装
塑胶,,,灰色
塑胶,,,蓝色
塑胶,,,绿色
塑胶,,,粉色
塑胶,,,白色
塑胶,450ml精品太空杯5型,FGA128-450,紫色
塑胶,,,灰色
塑胶,,,混装
塑胶,,,绿色
塑胶,,,粉色
塑胶,,,白色
塑胶,600ml精品太空杯5型,FGA128-600,未分色
塑胶,800ml精品太空杯5型,FGA128-800,未分色
塑胶,1000ml精品太空杯5型,FGA128-1000,未分色
塑胶,500子弹头太空杯,FGA130-500,
塑胶,600子弹头太空杯,FGA130-600,
塑胶,待插入产品,,
塑胶,待插入产品,,
塑胶,600ml精品高盖太空杯,FGA103-600,
塑胶,500ml精品高盖2型太空杯,FGA137-500,深蓝色
塑胶,,,浅紫色
塑胶,600ml精品高盖2型太空杯,FGA137-600,深蓝色
塑胶,,,黑紫色
塑胶,320ml圆点太空杯,FHP116-320 ,混装
塑胶,650ml茗香2型太空杯,FGA-132-650,兰色
塑胶,,,绿色
塑胶,（PP）休闲水杯320,FGA207-320,兰
塑胶,,,紫
塑胶,（PP）休闲水杯380,FGA207-380,绿
塑胶,,,紫
塑胶,（PP）休闲水杯680,FGA223-680,蓝绿
塑胶,休闲滤叶杯380ml 2型,FGA200-380-2,兰色
塑胶,,,军绿
塑胶,休闲滤叶杯380ml 3型,FGA200-380-3,兰色
塑胶,,,
塑胶,休闲滤叶太空杯400ml,FGA200-400,
塑胶,休闲滤叶太空杯600ml,FGA200-600,
塑胶,休闲滤叶口杯680ml-1型,FGA200-680,透明
塑胶,休闲滤叶口杯680ml-2型,FGA200-680,透明
塑胶,待插入产品,,
塑胶,待插入产品,,
塑胶,待插入产品,,
塑胶,待插入产品,,
塑胶,待插入产品,,
塑胶,待插入产品,,
塑胶,500ml燕尾太空杯,,兰
塑胶,,,粉红
塑胶,,,混装
塑胶,650ml燕尾太空杯,,兰
塑胶,,,粉红
塑胶,,,混装
塑胶,800ml燕尾太空杯,,
塑胶,1000ml燕尾太空杯,,
塑胶,500ml燕尾太空杯2型,FGA111-500,混装
塑胶,,,兰
塑胶,,,白
塑胶,,,粉
塑胶,650ml燕尾太空杯2型,FGA111-650,混装
塑胶,,,兰
塑胶,,,白
塑胶,,,粉
塑胶,400ml奇兵太空杯,FGA-1346,蓝
塑胶,,,紫
塑胶,,,粉
塑胶,500ml奇兵太空杯,FGA-1345,粉
塑胶,,,兰
塑胶,,,紫
塑胶,650ml奇兵太空杯,FGA-1344,粉
塑胶,,,兰
塑胶,,,紫
塑胶,动力太空杯600ml,FGA-1347,蓝
塑胶,,,白
塑胶,动力太空杯1000ml,FGA-1348,蓝
塑胶,,,白
塑胶,动力太空杯2000ml,,蓝
塑胶,,,白
塑胶,400ml超越太空杯2型,FGA-1339-2,蓝
塑胶,,,白
塑胶,500ml超越太空杯2型,FGA-1340-2,蓝
塑胶,,,白
塑胶,达人水壶500ml,FGA100-500_,淡蓝
塑胶,达人水壶650ml,FGA100-650_,淡蓝
塑胶,多功能泡杯（小）1型,FGF-701,
塑胶,多功能泡杯（中）1型,FGF-700,
塑胶,多功能泡杯（大）1型,FGF-702,
塑胶,多功能泡杯（小）2型,FGF-739,
塑胶,多功能泡杯（中）2型,FGF-738,
塑胶,多功能泡杯（大）2型,FGF-737,
塑胶,磁化保健杯（小）,FGD-401,
塑胶,磁化保健杯（中）,FGD-402,
塑胶,小号富光口杯,FGF-601,
塑胶,中号富光口杯,FGF-602,
塑胶,大号富光口杯,FGF-603,
塑胶,晶致口杯（小）,FGF-712,
塑胶,晶致口杯（中）,FGF-714,
塑胶,晶致口杯（大）,FGF-715,
塑胶,小双莹160ml,FGF-730,军绿
塑胶,,,咖啡
塑胶,中双莹220ml,FGF-729,军绿
塑胶,,,咖啡
塑胶,大双莹320ml,FGF-728,军绿
塑胶,,,咖啡
塑胶,小卓尔,FGF-733,黑
塑胶,,,咖啡
塑胶,中卓尔,FGF-732,黑
塑胶,,,咖啡
塑胶,大卓尔,FGF-731,黑
塑胶,,,咖啡
塑胶,富光(pc)泡茶师220ml  1型,FGF-735,
塑胶,富光(pc)泡茶师340ml  1型,FGF-734,
塑胶,富光(pc)泡茶师260ml 2型,FGF-736,
塑胶,E动口杯320ml 1型,FGF-740,黑
塑胶,,,咖啡
塑胶,E动口杯400ml 1型,FGF-741,黑
塑胶,,,咖啡
塑胶,E动口杯320ml 2型,FGF-758,蓝
塑胶,E动口杯400ml 2型,FGF-759,蓝
塑胶,E动口杯280ml 3型,FGA204-280,咖啡色
塑胶,,,深蓝色
塑胶,,,草绿色
塑胶,E动口杯320ml 3型,FGA204-320,咖啡色
塑胶,,,深蓝色
塑胶,,,草绿色
塑胶,富光泡杯2型220ml,FGA117-220,淡蓝色
塑胶,,,黑紫色
塑胶,富光泡杯2型380ml,FGA117-380,淡蓝色
塑胶,,,黑紫色
塑胶,富光2型300ml口杯,FGA205-300,军绿色
塑胶,,,咖啡色
塑胶,富光2型360ml口杯,FGA205-360,军绿色
塑胶,,,咖啡色
塑胶,欣瑞口杯220ml 1型,FGF-755,金
塑胶,,,银
塑胶,欣瑞口杯320ml 1型,FGF-754,金
塑胶,,,银
塑胶,欣瑞口杯420ml 1型,FGF-760,金
塑胶,,,银
塑胶,欣瑞口杯220ml 2型,FGF-757,金
塑胶,,,银
塑胶,欣瑞口杯320ml 2型,FGF-756,金
塑胶,,,银
塑胶,欣瑞口杯420ml 2型,FGF-761,金
塑胶,,,银
塑胶,欣瑞口杯220ml杯3型,FGA202-220,茶色
塑胶,,,字
塑胶,,,圈
塑胶,欣瑞口杯230ml杯3型,FGA202-230,
塑胶,欣瑞口杯240ml杯3型,FGA202-240,蓝色
塑胶,,,咖啡色
塑胶,欣瑞口杯260ml杯3型,FGA202-260,蓝色
塑胶,,,咖啡色
塑胶,欣瑞口杯280ml杯3型,FGA202-280,茶色
塑胶,,,字
塑胶,,,圈
塑胶,欣瑞口杯300ml杯3型,FGA202-300,
塑胶,欣瑞口杯360ml办公杯3型,FGA202-360,黑色
塑胶,,,咖啡色
塑胶,3A小口杯,,
塑胶,3A中口杯,,
塑胶,3A大口杯,,
塑胶,3A小新世纪,,4型
塑胶,,,12型
塑胶,,,13型
塑胶,3A中新世纪,,8型
塑胶,,,9型
塑胶,,,12型
塑胶,,,13型
塑胶,3A大新世纪,,8型
塑胶,,,9型
塑胶,,,12型
塑胶,,,13型
塑胶,3A新世纪特号杯,,
塑胶,小健新潮,,10型
塑胶,,,12型
塑胶,,,16型
塑胶,中健新潮,,10型
塑胶,,,11型
塑胶,,,12型
塑胶,大健新潮,,
塑胶,健新潮500ml杯,,
塑胶,小健玲珑,,
塑胶,健小自旋,,
塑胶,健中自旋,,
塑胶,大健自旋,,
塑胶,健大新世纪1型,,
塑胶,健大新世纪2型,,
塑胶,二代健新潮180ml,FGJ-180,
塑胶,二代健新潮260ml,FGJ-260,
塑胶,二代健新潮380ml,FGJ-380,
塑胶,二代健新潮520ml,FGJ-520,
塑胶,三代健新潮240ml,FGJ-8321,
塑胶,三代健新潮320ml,FGJ-8320,
塑胶,三代健新潮400ml,FGJ-8319,
塑胶,小健泡杯,,
塑胶,中健泡杯,,
塑胶,大健泡杯,,
塑胶,320ml健牌泡杯,FHP118-320 ,深灰色
塑胶,,,米灰色
塑胶,,,蓝色
塑胶,220ml健泡杯2型,FGA508-220,
塑胶,380ml健泡杯2型,FGA508-380,
塑胶,健新潮5号180ml,FGA503-180,
塑胶,健新潮5号260ml,FGA503-260,
塑胶,健新潮5号380ml,FGA503-380,
塑胶,健新潮5号520ml,FGA503-520,
塑胶,健新奥口杯220ml,FGJ-8622,
塑胶,健新奥口杯320ml,FGJ-8623,
塑胶,健新奥360口杯3型-1,FGA507-360,咖啡色
塑胶,,,灰色
塑胶,健新奥360口杯3型-2,FGA507-360,咖啡色
塑胶,,,灰色
塑胶,健新奥280ml口杯2型,FGA506-280,灰兰色
塑胶,,,咖啡色
塑胶,健新奥380ml口杯2型,FGA506-380,灰兰色
塑胶,,,咖啡色
塑胶,健悠乐口杯180ml,FGA-502-180,
塑胶,健悠乐口杯320ml,FGA-502-320,
塑胶,健旋风220ml 1型,FGA-500-220,
塑胶,健旋风320ml 1型,FGA-500-320,
塑胶,健旋风460ml 1型,FGA-500-460,
塑胶,健旋风180ml 2型,FGA-501-180,
塑胶,健旋风240ml 2型,FGA-501-240,
塑胶,健旋风360ml 2型,FGA-501-360,
塑胶,健牌磁化口杯240ml,FGJ-8365,黑色
塑胶,,,咖啡
塑胶,健牌磁化口杯280ml,FGJ-8366,黑色
塑胶,,,咖啡
塑胶,健牌磁化口杯360ml,FGJ-8367,黑色
塑胶,,,咖啡
塑胶,320ml健至诚口杯,FGA560-320,海蓝
塑胶,,,咖
塑胶,,,灰
塑胶,400ml健至诚口杯,FGA560-400,海蓝
塑胶,,,灰
塑胶,600ml健至诚口杯1型,FGA508-600,灰色
塑胶,,,绿色
塑胶,,,咖啡色
塑胶,,,未分色
塑胶,800ml健至诚口杯1型,FGA508-800,灰色
塑胶,,,绿色
塑胶,,,咖啡色
塑胶,,,未分色
塑胶,600ml健至诚口杯2型,FGA509-600,灰色
塑胶,,,绿色
塑胶,,,咖啡色
塑胶,,,未分色
塑胶,800ml健至诚口杯2型,FGA509-800,灰色
塑胶,,,绿色
塑胶,,,咖啡色
塑胶,,,未分色
塑胶,300ml健至诚口杯4型,FGA562-300,黑
塑胶,,,兰
塑胶,,,军绿
塑胶,360ml健至诚口杯4型,FGA562-360,黑
塑胶,,,兰
塑胶,,,军绿
塑胶,180ml健至诚口杯5型,FGA562-180,紫色
塑胶,,,红
塑胶,260ml健至诚口杯5型,FGA562-260,海蓝
塑胶,,,淡草绿
塑胶,380ml健至诚口杯5型,FGA562-380,黑紫
塑胶,,,深蓝色
塑胶,280ml瑞彩1型口杯,FGA210-280,浅蓝色
塑胶,,,深蓝色
塑胶,320ml瑞彩1型口杯,FGA210-320,浅蓝色
塑胶,,,深蓝色
塑胶,300ml瑞彩2型口杯,FGA211-300,兰色
塑胶,,,绿色
塑胶,350ml瑞彩2型口杯,FGA211-350,兰色
塑胶,,,绿色
塑胶,260ml瑞彩3型口杯,FGA212-260,蓝色
塑胶,,,粉色
塑胶,待插入产品,,
塑胶,待插入产品,,
塑胶,360ml瑞彩3型办公杯,FGA212-360,混装
塑胶,待插入产品,,
塑胶,350ml悠然1型口杯,FGA565-350,
塑胶,400ml悠然1型口杯,FGA565-400,
塑胶,420ml悠然2型口杯,FGA565-420-2,蓝色
塑胶,,,灰绿色
塑胶,待插入产品,,
塑胶,待插入产品,,
塑胶,待插入产品,,
塑胶,待插入产品,,
塑胶,220ml健牌炫动口杯,FGT001-220,
塑胶,320ml健牌炫动口杯,FGT001-320,
塑胶,420ml健牌炫动口杯,FGT001-420,
塑胶,260ml逸品功夫杯,FHP113-260,米黄
塑胶,,,深灰
塑胶,,,混装
塑胶,200ml健牌小玲珑口杯1型,FGA571-200,粉
塑胶,200ml健牌小玲珑口杯2型,,黄
塑胶,200ml健牌小玲珑口杯3型,,米
塑胶,280ml紫砂生态杯,FGA306-280,茶色
塑胶,,,海蓝
塑胶,,,桔色
塑胶,400ml紫砂生态办公杯,FGA306-400,海蓝
塑胶,,,桔色
塑胶,,,黄色
塑胶,,,茶色
塑胶,富光双层紫砂杯（新品）,FGA304-220,
塑胶,双层书卷紫砂滤叶杯,FGK-2000,
塑胶,双层竹节紫砂滤叶杯,FGK-2000,
塑胶,双层花瓶紫砂滤叶杯,FGK-2000,
塑胶,双层书卷紫砂办公杯,FGK-2003,
塑胶,双层竹节紫砂办公杯,,
塑胶,紫砂套装3件套,FGK-2002,
塑胶,精品紫砂套装,FGK-2006,
塑胶,富光双层塑玻杯（小）,FGH-2107,
塑胶,富光双层塑玻杯（中）,FGH-2106,
塑胶,富光双层塑玻杯（大）,FGH-2108,
塑胶,中号双层塑玻办公杯,FGH-2109,
塑胶,大号双层塑玻办公杯,FGH-2115,
塑胶,加长小塑玻,FGH-2130,
塑胶,简中号双层塑玻滤叶办公杯,FGH-2112,
塑胶,精中号双层塑玻滤叶办公杯,FGH-2113,
塑胶,富光双层塑玻杯2型（小）,FGH-2189,黑色
塑胶,,,咖啡
塑胶,富光双层塑玻杯2型（中）,FGH-2184,黑色
塑胶,,,咖啡
塑胶,300ml双层塑玻办公杯2型,FGH-2186,黑色
塑胶,,,咖啡
塑胶,待插入产品,,
塑胶,待插入产品,,
塑胶,待插入产品,,
塑胶,待插入产品,,
塑胶,320ml塑玻5型口杯,FGA307-320,
塑胶,,,草绿
塑胶,,,军绿
塑胶,400ml塑玻5型办公杯,FGA307B-400,
塑胶,待插入产品,,
塑胶,待插入产品,,
塑胶,待插入产品,,
塑胶,待插入产品,,
塑胶,待插入产品,,
塑胶,待插入产品,,
塑胶,待插入产品,,
塑胶,待插入产品,,
塑胶,待插入产品,,
塑胶,待插入产品,,
塑胶,待插入产品,,
塑胶,240塑玻泡茶师,FGA-240,
塑胶,260塑瓷泡茶师,FGA-260,
塑胶,320ml双层塑紫杯,FGA309-320,
塑胶,I型1.0L多用保温瓶,FGA342-1000,黄绿
塑胶,,,兰
塑胶,,,桔
塑胶,,,紫
塑胶,I型1.3L多用保温瓶,FGA342-1300,黄绿
塑胶,,,兰
塑胶,,,桔
塑胶,,,紫
塑胶,2型1.0L多用保温瓶,FGA343-1000,黄绿
塑胶,,,兰
塑胶,,,桔
塑胶,,,紫
塑胶,待插入产品,,
塑胶,待插入产品,,
塑胶,待插入产品,,
塑胶,待插入产品,,
塑胶,1.0L侧按瓶,FG-1230-100,白
塑胶,,,兰
塑胶,,,粉
塑胶,,,电脑灰
塑胶,,,灰
塑胶,1.3L侧按瓶,FG-1230-130,白
塑胶,,,灰
塑胶,,,粉
塑胶,,,电脑灰
塑胶,1.6L侧按瓶,FG-1220-160,白
塑胶,,,兰
塑胶,,,灰
塑胶,,,黄
塑胶,2L新水瓶,FG-1220-200B,黄
塑胶,,,浅灰
塑胶,,,兰
塑胶,,,粉
塑胶,注塑5P,,兰
塑胶,,,粉
塑胶,,,红
塑胶,注塑8P,,兰
塑胶,,,粉
塑胶,,,红
真空,三代260ml水晶真空杯,FGL-3112,闪灰
真空,,,青蓝
真空,,,闪深绿
真空,,,混装
真空,,,8048未分色
真空,三代360ml水晶真空杯,FGL-3113,黑
真空,,,深咖啡
真空,,,闪灰
真空,,,青蓝
真空,,,闪深绿
真空,,,淡咖啡
真空,,,混装
真空,,,8048未分色
真空,480水晶真空办公杯2型,FGL-3097,深咖啡
真空,,,闪灰
真空,,,青蓝
真空,,,黑
真空,,,混装
真空,,,8048未分色
真空,260经典真空口杯2型,FGL-3090,亮银蓝
真空,,,亮银黑
真空,,,亮银咖啡
真空,,,混装
真空,360经典真空口杯2型,FGL-3089,亮银蓝
真空,,,亮银黑
真空,,,亮银咖啡
真空,,,混装
真空,480经典真空办公杯A型,FGL-3088,亮银蓝
真空,,,亮银黑
真空,,,亮银咖啡
真空,,,混装
真空,480经典真空办公杯B型,FGL-3086,本
真空,,,黑
真空,,,8048未分色
真空,360经典3型,FGL-3203,闪蓝色
真空,,,浅红色
真空,,,闪黄色
真空,,,闪灰色
真空,,,混装
真空,420经典3型,FGL-3204,闪蓝色
真空,,,浅红色
真空,,,闪黄色
真空,,,闪灰色
真空,,,混装
真空,480经典3型办公杯,FGL-3205,闪蓝色
真空,,,浅红色
真空,,,米金色
真空,,,闪灰色
真空,,,混装
真空,260天行真空口杯,FGL-3068,亮银蓝
真空,,,亮银黑
真空,,,亮银咖啡
真空,,,混装
真空,360天行真空口杯,FGL-3069,亮银蓝
真空,,,亮银黑
真空,,,亮银咖啡
真空,,,混装
真空,480天行真空办公杯,FGL-3087,亮银蓝
真空,,,亮银黑
真空,,,亮银咖啡
真空,,,混装
真空,560天行真空办公杯,FGL-3304,钛金
真空,360天行真空杯2型,FGL-3303,钛金
真空,350欣雅真空杯（皮纹）,FGL-3091,
真空,280卓尔真空杯,FGL-3084,中灰
真空,,,灰白
真空,,,本
真空,,,混装
真空,360卓尔真空杯,FGL-3083-1,中灰
真空,,,灰白
真空,,,本
真空,,,混装
真空,,FGL-3083-2,未分色
真空,,FGL-3083-3,未分色
真空,,FGL-3083-4,未分色
真空,480卓尔真空办公杯,FGL-3118,未分色
真空,280生态杯,FGK-2010,
真空,二代280生态杯(紫砂胆),FGK-2022,葡萄紫
真空,,,黑
真空,,陶瓷胆,葡萄紫
真空,,,黑
真空,二代380生态杯(紫砂胆),FGK-2027,葡萄紫
真空,,,黑
真空,,陶瓷胆,黑
真空,400生态办公杯(紫砂胆),FGK-2020,葡萄紫
真空,,,黑
真空,280双层生态杯,FGK-2028,咖啡
真空,,,黑
真空,,,混装
真空,380双层生态杯,FGK-2029,咖啡色
真空,,,黑色
真空,,,混装
真空,400双层生态办公杯,FGK-2030,黑
真空,,,咖
真空,400双层生态办公杯(陶瓷胆),,黑
真空,,,咖
真空,600ml生态壶,FGK-2021,白色
真空,,,香槟色
真空,,,混装
真空,280健牌生态杯,BJ-280,亮银咖啡
真空,,,闪深灰
真空,400健牌生态办公杯,BJ-400B,亮银咖啡
真空,,,闪深灰
真空,280茗派生态杯,FGK-2047,本
真空,,,米金
真空,,,紫砂
真空,,,混装
真空,380茗派生态杯,FGK-2048,本
真空,,,米金
真空,,,紫砂
真空,,,混装
真空,400茗派生态办公杯,FGK-2049,本
真空,,,米金
真空,,,紫砂
真空,,,混装
真空,220茗派生态二代,FGL—3224,透明红
真空,,,透明蓝
真空,,,亮银黑
真空,280茗派生态二代,FGL—3225,透明红
真空,,,透明蓝
真空,,,亮银黑
真空,380茗派生态二代,FGL-3226,透明红
真空,,,透明蓝
真空,,,亮银黑
真空,420茗派生态二代办公,FGL-3227,透明红
真空,,,透明蓝
真空,,,亮银黑
真空,240茗派真空生态杯,FGL—3228,闪蓝色
真空,,,闪黄色
真空,320茗派真空生态杯,FGL—3229,闪蓝色
真空,,,闪黄色
真空,360茗派真空生态办公杯,FGL-3230,闪蓝色
真空,,,闪黄色
真空,300茗派真空杯,FGL—3231,米黄色
真空,,,珠光蓝
真空,,,珠光紫
真空,,,亮银黑
真空,340茗派真空杯,FGL—3232,米黄色
真空,,,珠光蓝
真空,,,珠光紫
真空,,,亮银黑
真空,420茗派真空杯,FGL-3233,米黄色
真空,,,珠光蓝
真空,,,珠光紫
真空,,,亮银黑
真空,待插入产品,,
真空,待插入产品,,
真空,待插入产品,,
真空,待插入产品,,
真空,480茗派真空办公杯,FGL-3234,米黄色
真空,,,珠光蓝
真空,,,亮银黑
真空,,,珠光紫
真空,420酷派生态办公杯,FGL—3139,紫红色
真空,,,海蓝色
真空,,,混装
真空,480ml酷派办公杯,FGL-3138,闪蓝色
真空,,,橘黄
真空,,,本色
真空,,,瓷白
真空,,,混装
真空,500ml酷派高真空不锈钢杯,FGL-3137,本色
真空,,,闪蓝色
真空,,,桔黄
真空,,,瓷白
真空,,,混装
真空,待插入产品,,
真空,待插入产品,,
真空,待插入产品,,
真空,320休闲真空杯,FGL-3249,黑色
真空,,,中灰
真空,,,浅红色
真空,,,果蔬绿
真空,,,混装
真空,200ml休闲真空杯2型,FGL-3306,墨蓝
真空,,,中灰
真空,,,紫红
真空,,,混装
真空,260ml休闲真空杯2型,FGL-3307,墨蓝
真空,,,中灰
真空,,,紫红
真空,,,混装
真空,280ml休闲真空杯2型,FGL-3308,墨蓝
真空,,,中灰
真空,,,紫红
真空,,,混装
真空,400ml休闲真空杯2型,FGL-3309,墨蓝
真空,,,中灰
真空,,,紫红
真空,,,混装
真空,450ml休闲真空办公杯2型,FGL-3318,墨蓝
真空,,,中灰
真空,,,紫红
真空,,,混装
真空,360真空广告杯,FGL-3208,本色
真空,,,
真空,,,
真空,280不锈钢真空泡茶师,FGL-3099,
真空,360不锈钢真空泡茶师,FGL-3100,
真空,二代340ml富光泡茶师,FGL-3215,本色
真空,,,深绿
真空,,,蓝灰
真空,,,混装
真空,280生态泡茶师Ⅱ型,FGL-3278,本色
真空,,,闪金
真空,,瓷胆,瓷白
真空,,,浅红色
真空,360生态泡茶师Ⅱ型,FGL-3291,本色
真空,,,闪金
真空,,陶瓷胆,瓷白
真空,,,浅红色
真空,460真空泡茶师Ⅱ型,FGL-3290,本色
真空,,,蓝灰
真空,260超炫真空杯1型,FGL-3103,亮银蓝
真空,,,灰白
真空,,,青蓝
真空,,,淡咖啡
真空,,,中灰
真空,,,混装
真空,360超炫真空杯1型,FGL-3102,亮银蓝
真空,,,灰白
真空,,,青蓝
真空,,,淡咖啡
真空,,,中灰
真空,,,混装
真空,360超炫真空杯2型,FGL-3121,亮兰
真空,,,闪金
真空,,,闪银
真空,,,闪黑
真空,,,闪紫红
真空,,,混装
真空,420超炫真空杯2型,FGL-3122,亮银兰
真空,,,闪金
真空,,,闪银
真空,,,闪黑
真空,,,闪紫红
真空,,,混装
真空,350超炫三型真空杯,FGL-3277,闪紫红
真空,,,亮银蓝
真空,,,闪蓝色
真空,,,灰黑
真空,420超炫三型真空杯,FGL-3270,亮银蓝
真空,,,闪蓝色
真空,,,闪紫红
真空,,,灰黑
真空,,,混装
真空,420超炫三型真空办公杯,FGL-3271,闪紫红
真空,,,闪蓝色
真空,,,亮银蓝
真空,,,灰黑
真空,500超炫三型真空办公杯,FGL-3272,亮银蓝
真空,,,灰黑
真空,,,闪紫红
真空,,,闪蓝色
真空,,,混装
真空,280超炫生态杯（瓷胆）,FGL-3312,珠光白
真空,,,大红色
真空,,,闪蓝色
真空,400超炫生态办公杯（瓷胆）,FGL-3324,闪蓝色
真空,,,珠光白
真空,,,大红
真空,360超炫真空嵌表杯,FGL-3127,闪银蓝
真空,,,闪紫红
真空,,,闪银
真空,,,闪金
真空,,,闪黑
真空,,,混装
真空,提带260真空子弹头杯,FGL-3066,瓷白
真空,,,淡草绿
真空,,,粉红
真空,,,海蓝
真空,,,本
真空,,,混装
真空,提带350真空子弹头杯,FGL-3052,本
真空,,,红
真空,,,瓷白
真空,,,浅亮兰
真空,,,混装
真空,,,迷彩
真空,提带500真空子弹头杯,FGL-3053,本
真空,,,红
真空,,,瓷白
真空,,,浅亮兰
真空,,,混装
真空,,,迷彩
真空,480富光真空子弹头杯,FGL-3206,米金色
真空,,,大红色
真空,,,咖啡色
真空,,,灰黑
真空,,,混装
真空,600富光真空子弹头杯,FGL-3207,米金色
真空,,,大红色
真空,,,咖啡色
真空,,,灰黑
真空,,,混装
真空,380真空子弹头[4型],FGL-3268,透明红
真空,,,透明蓝
真空,,,本色
真空,,,混装
真空,500真空子弹头[4形],FGL-3269,透明红
真空,,,本色
真空,,,透明蓝
真空,,,混装
真空,350卓尔子弹头,FGL-3130,本色
真空,,,海蓝
真空,,,粉红
真空,,,淡草绿
真空,,,透明红
真空,,,透明蓝
真空,,,混装
真空,500卓尔子弹头,FGL-3129,本色
真空,,,海蓝
真空,,,粉红
真空,,,淡草绿
真空,,,透明红
真空,,,透明蓝
真空,,,绿迷彩
真空,,,混装
真空,500真空学生壶,FGL-3149,玫红
真空,,,海蓝
真空,,,淡黄
真空,,,墨蓝
真空,,,淡草绿
真空,,,混装
真空,650真空学生壶,FGL-3150,海蓝
真空,,,淡草绿
真空,,,墨兰
真空,,,淡黄
真空,,,玫红
真空,,,混装
真空,350E动真空壶1型,FGL-3105-1,灰黑
真空,,,未分色
真空,,,
真空,,,
真空,420E动真空壶1型,FGL-3104-1,灰黑
真空,,,未分色
真空,,,
真空,,,
真空,350E动真空壶2型,FGL-3105-2,未分色
真空,,,灰黑
真空,,,海蓝
真空,,,紫红
真空,,,淡草绿
真空,,,本色
真空,,,混装
真空,420E动真空壶2型,FGL-3104-2,未分色
真空,,,灰黄
真空,,,灰黑
真空,,,海蓝
真空,,,紫红
真空,,,淡草绿
真空,,,
真空,300顺风真空杯1型（精装）,FGL-3116,本
真空,400顺风真空杯1型（精装）,FGL-3117,本
真空,,,混装
真空,360顺风真空杯2型（精装）,FGL-3125,黑
真空,,,本
真空,,,灰黄
真空,420顺风真空杯2型（精装）,FGL-3126,黑
真空,,,本
真空,,,灰黄
真空,240顺风3型真空杯,FGL-3310,中灰
真空,,,灰黑
真空,,,玫红
真空,,,混装
真空,380顺风3型真空杯,FGL-3317,中灰
真空,,,灰黑
真空,,,玫红
真空,,,混装
真空,260乘风真空杯,FGL-3151,宝石纹
真空,,,虎纹
真空,,,混装
真空,360乘风真空杯,FGL-3152,宝石纹
真空,,,虎纹
真空,,,混装
真空,420乘风真空杯,FGL-3235,宝石纹
真空,,,虎纹
真空,,,混装
真空,450乘风真空办公杯,FGL-3236,宝石纹
真空,,,虎纹
真空,,,混装
真空,280乘风生态杯,FGL-3243,宝石纹
真空,,,虎纹
真空,,,混装
真空,,白瓷胆,宝石纹
真空,,,虎纹
真空,450乘风生态办公杯,FGL-3248 ,宝石纹
真空,,,虎纹
真空,,,混装
真空,,陶瓷胆,宝石纹
真空,,,虎纹
真空,280至臻生态杯[陶瓷胆],FGL-3275,钛金
真空,280至臻生态杯[紫砂胆],FGL-3275,钛金
真空,460至臻生态办公杯[陶瓷胆],FGL-3276,钛金
真空,460至臻生态办公杯[紫砂胆],FGL-3276,钛金
真空,260至臻工艺杯,FGL-3119,
真空,350至臻工艺杯,FGL-3120,
真空,420至臻工艺杯,FGL-3239,
真空,460至臻工艺办公杯,FGL-3240,
真空,300至臻工艺杯[2型],FGL-3273,钛金
真空,320至臻工艺办公杯[2型],FGL-3274,钛金
真空,380至臻工艺杯（3型）,FGL-3322,钛金
真空,待插入产品,,
真空,待插入产品,,
真空,360皮纹真空保温杯,FGL-3247,黑色
真空,,,咖啡色
真空,,,混装
真空,450皮纹真空办公杯,FGL-3286,黑色
真空,,,咖啡色
真空,,,混装
真空,280皮纹生态杯,FGL-3252,黑色
真空,,,咖啡色
真空,,,混装
真空,,陶瓷胆,黑色
真空,,,咖啡色
真空,450皮纹生态办公杯,FGL-3285,黑色
真空,,,咖啡色
真空,,,混装
真空,,陶瓷胆,咖啡色
真空,新750富光旅行壶,FGL-3154,本色
真空,,,闪蓝色
真空,,,混装
真空,新1.0L富光旅行壶,FGL-3155,本
真空,,,闪兰
真空,,,混装
真空,新1.5L富光旅行壶,FGL-3157,本
真空,,,闪兰
真空,,,混装
真空,新1.8L富光旅行壶,FGL-3158,本
真空,,,闪兰
真空,,,混装
真空,750ml富光旅行壶2型,FGL-3220,本
真空,,,珠光蓝
真空,,,大红色
真空,,,混装
真空,1.0L富光旅行壶2型,FGL-3221,本
真空,,,珠光蓝
真空,,,大红色
真空,,,混装
真空,1.0L富光旅行壶(3型）,FGL-3259,透明蓝
真空,,,本色
真空,,,透明红
真空,,,混装
真空,1.5L富光旅行壶(3型）,FGL-3260,本色
真空,,,透明蓝
真空,,,透明红
真空,1.8L富光旅行壶(3型）,FGL-3261,透明红
真空,,,本色
真空,,,透明蓝
真空,,,混装
真空,新1.2L力德尔旅行壶,LDR-8054,
真空,新1.5L力德尔旅行壶,LDR-8055,
真空,新1.8L力德尔旅行壶,LDR-8056,
真空,1.5富光真空多用壶,FGL-3202,本色
真空,,,珠光蓝
真空,,,珠光白
真空,,,混装
真空,1.2富光真空多用壶,FGL-3201,本色
真空,,,珠光蓝
真空,,,珠光白
真空,,,混装
真空,1.5真空多用壶 2型,FGL-3255,本色
真空,,,米黄色
真空,,,珠光蓝
真空,1.0真空保温瓶1型,FGL-3294,本色
真空,,,粉红色
真空,,,浅蓝色
真空,,,淡草绿
真空,1.3真空保温瓶1型,FGL-3295,浅蓝色
真空,,,淡草绿
真空,,,粉红色
真空,,,本色
真空,1.3真空保温瓶2型,FGL-3297,珠光蓝
真空,,,本色
真空,,,大红
真空,,,浅兰
真空,1.6真空保温瓶2型,FGL-3298,珠光蓝
真空,,,本色
真空,,,大红
真空,,,浅兰
真空,,,混装
真空,750富光真空焖烧壶,FGL-3256,粉红
真空,,,本色
真空,,,海蓝
真空,,,混装
真空,450富光真空汽车杯,FGL-3216,本色
真空,,,闪紫红
真空,,,闪蓝
真空,,,闪绿
真空,,,混装
真空,320真空汽车杯,FGL-3217,本色
真空,,,闪紫红
真空,,,闪蓝
真空,,,闪绿
真空,,,混装
真空,280生态汽车杯,FGL-3219,本色
真空,,,墨蓝色
真空,,,混装
真空,,瓷胆,闪紫红
真空,340吸管真空杯,FGL-3250,中灰
真空,,,海蓝
真空,,,粉红
真空,,,混装
真空,350时尚真空办公杯,FGL-3253,紫红
真空,,,玫红
真空,,,瓷白
真空,500时尚真空办公杯,FGL-3254,墨蓝
真空,,,咖啡
真空,,,混装
真空,待插入产品,,
真空,待插入产品,,
真空,待插入产品,,
真空,待插入产品,,
真空,待插入产品,,
真空,待插入产品,,
真空,待插入产品,,
真空,待插入产品,,
真空,待插入产品,,
真空,待插入产品,,
真空,待插入产品,,
真空,待插入产品,,
真空,待插入产品,,
真空,待插入产品,,
真空,待插入产品,,
真空,待插入产品,,
真空,待插入产品,,
真空,待插入产品,,
真空,待插入产品,,
真空,待插入产品,,
真空,待插入产品,,
真空,待插入产品,,
真空,待插入产品,,
真空,待插入产品,,
真空,待插入产品,,
真空,待插入产品,,
真空,待插入产品,,
真空,待插入产品,,
真空,待插入产品,,
真空,待插入产品,,
真空,待插入产品,,
真空,待插入产品,,
真空,500富光不锈钢真空运动壶,FGL-3072,蓝迷彩
真空,,,绿迷彩
真空,,,灰迷彩
真空,,,土迷彩
真空,,,迷彩混装
真空,600富光不锈钢真空运动壶,FGL-3071,蓝迷彩
真空,,,绿迷彩
真空,,,灰迷彩
真空,,,土迷彩
真空,,,迷彩混装
真空,300力德尔真空运动壶,LDR-8057,本
真空,,,红
真空,,,深海兰
真空,,,淡草绿
真空,,,果蔬绿
真空,,,瓷白
真空,,,混装
真空,500力德尔真空运动壶,LDR-8058,淡草绿
真空,,,瓷白
真空,,,果蔬绿
真空,,,本
真空,,,红
真空,,,深海兰
真空,,,混装
真空,600力德尔真空运动壶,LDR-8059,果蔬绿
真空,,,淡草绿
真空,,,深海兰
真空,,,红
真空,,,本
真空,,,白
真空,,,混装
真空,750力德尔真空运动壶,LDR-8070,果绿
真空,,,淡草绿
真空,,,深海兰
真空,,,红
真空,,,本
真空,,,混装
真空,,,瓷白
真空,350力德尔动感真空壶,LDR-8073C,中灰
真空,,,灰白
真空,,,紫红
真空,,,紫兰
真空,,,亮银兰
真空,,,混装
真空,500力德尔动感真空壶,LDR-8072B,亮银兰
真空,,,紫兰
真空,,,灰白
真空,,,紫红
真空,,,中灰
真空,,,混装
真空,750力德尔动感真空壶,LDR-8071A,亮银兰
真空,,,紫兰
真空,,,灰白
真空,,,紫红
真空,,,中灰
真空,,,混装
真空,280瓷韵生态杯（瓷胆）,FGL-3313,瓷白
真空,350瓷韵生态杯（瓷胆）,FGL-3314,瓷白
真空,待插入产品,,
玻璃,小号精品力德尔玻璃杯,LDR-8020,纳米
玻璃,,,滤叶
玻璃,中号精品力德尔玻璃杯,LDR-8015,纳米
玻璃,,,滤叶
玻璃,大号精品力德尔玻璃杯,LDR-8024,纳米
玻璃,,,滤叶
玻璃,特号精品力德尔玻璃杯,LDR-8030,纳米
玻璃,,,滤叶
玻璃,超大号力德尔玻璃杯,LDR-B8031,纳米
玻璃,,,滤叶
玻璃,小号普通力德尔玻璃杯,LDR-8027,
玻璃,中号普通力德尔玻璃杯,LDR-8013,
玻璃,中号力德尔玻璃办公杯,LDR-B8032,纳米
玻璃,,,滤叶
玻璃,大号力德尔玻璃办公杯,LDR-B8033,纳米
玻璃,,,滤叶
玻璃,力德尔玻璃套装,LDR-B8042,
玻璃,力德尔纳米双层小号加长,LDR-8053,
玻璃,力德尔中号双层玻璃杯,L1001-280,有滤网
玻璃,力德尔水晶玻璃杯,LG111-280,有滤网
玻璃,富光玻璃套装(3件套),FGH-2139,
玻璃,富光玻璃杯精品小号,FGH-2124,纳米
玻璃,,,滤叶
玻璃,富光玻璃杯精品中号,FGH-2123,纳米
玻璃,,,滤叶
玻璃,富光玻璃杯精品大号,FGH-2122,纳米
玻璃,,,滤叶
玻璃,双层玻璃办公杯 小号,FGH-2128,纳米
玻璃,,,滤叶
玻璃,双层玻璃办公杯 中号,FGH-2120,纳米
玻璃,,,滤叶
玻璃,双层玻璃办公杯  大号,FGH-2121,纳米
玻璃,,,滤叶
玻璃,极品玻璃杯 小号,FGH-2152,
玻璃,极品玻璃杯 中号,FGH-2151,
玻璃,极品玻璃杯 大号,FGH-2150,
玻璃,极品办公杯 小号,FGH-2155,
玻璃,极品办公杯 中号,FGH-2154,
玻璃,尊贵玻璃杯 小号,FGH-2180,
玻璃,尊贵玻璃杯 中号,FGH-2179,
玻璃,尊贵玻璃杯 大号,FGH-2178,
玻璃,尊贵办公杯小号,FGH-2183,
玻璃,尊贵办公杯 中号,FGH-2182,
玻璃,精工玻璃杯 小号,FGH-2162,
玻璃,精工玻璃杯 中号,FGH-2161,
玻璃,精工玻璃杯  大号,FGH-2160,
玻璃,精工玻璃办公杯  小号,FGH-2165,
玻璃,精工玻璃办公杯   中号,FGH-2164,
玻璃,精彩玻璃杯小号,FGH-221-200,
玻璃,精彩玻璃杯中号,FGH-221-280,
玻璃,精彩玻璃杯大号,FGH-221-320,
玻璃,特号精彩玻璃杯,FGH-221-500,
玻璃,精彩玻璃办公杯小号,FGH-221B-260,
玻璃,精彩玻璃办公杯中号,FGH-221B-320,
玻璃,精彩玻璃二件套,222-540,
玻璃,精彩玻璃三件套,222-540,
玻璃,中号精彩休闲,221A-220,
玻璃,大号精彩休闲,221A-260,
玻璃,特号精彩休闲,221A-320,
玻璃,精致玻璃杯小号,FGH-2192,
玻璃,精致玻璃杯中号,FGH-2191,
玻璃,精致玻璃杯大号,FGH-2190,
玻璃,精致玻璃杯特号,FGH-2195,
玻璃,精致玻璃办公杯小号,FGH-2194,
玻璃,精致玻璃办公杯中号,FGH-2193,
玻璃,精致单层玻璃杯小号,FGH-201-280,
玻璃,精致单层玻璃杯中号,FGH-201-460,
玻璃,精锐双层玻璃杯中号（普）,235-280,
玻璃,精锐双层玻璃杯中号（精）,FGH-233-280,
玻璃,精英玻璃杯中号,251-280,
玻璃,精英玻璃办公杯中号,251B－320,
玻璃,富光单层玻璃杯(小),FGH-2137,
玻璃,富光单层玻璃杯(小小),FGH-2138,
玻璃,富光单层玻璃杯(中小),FGH-2136,
玻璃,富光单层玻璃杯(中),FGH-2135,
玻璃,单层办公杯小号,FGH-2206,
玻璃,单层办公杯中号,FGH-2205,
玻璃,待插入产品,,
玻璃,待插入产品,,
玻璃,待插入产品,,
玻璃,待插入产品,,
玻璃,中水晶工艺杯,223-280,有滤网
玻璃,大水晶工艺杯,223-320,有滤网
玻璃,中水晶工艺办公杯,223B-260,有滤网
玻璃,富光中号玻璃杯水晶型,227-280,
玻璃,富光大号玻璃杯水晶型,227-320,
玻璃,富光中号玻璃办公杯水晶型,227B-320,
玻璃,富光玻璃茶壶,284B-1000型,
玻璃,200玻璃泡茶师,FGH-281-200,
玻璃,260玻璃泡茶师,FGH-2185,
玻璃,260水晶型泡茶师,281-260,
玻璃,二代中水晶型口杯,267-280,
玻璃,礼品型玻璃杯  小号,FGH-2174,
玻璃,礼品型玻璃杯  中号,FGH-2173,
玻璃,礼品型玻璃杯  大号,FGH-2172,
玻璃,礼品型办公杯  小号,FGH-2177,
玻璃,礼品型办公杯  中号,FGH-2176,
玻璃,银象玻璃杯中号（普装）,234-280,
玻璃,银象玻璃杯中号（精装）,232-280,
玻璃,磨砂玻璃杯小号,231-200,
玻璃,磨砂玻璃杯中号,231-280,
玻璃,茶艺玻璃杯小号,261-200,有滤网
玻璃,茶艺玻璃杯中号,261-280,有滤网
玻璃,茶艺玻璃杯大号,261-320,有滤网
玻璃,茶艺玻璃办公杯小号,261B-260,有滤网
玻璃,茶艺玻璃办公杯中号,261B-320,有滤网
玻璃,彩艺口杯小号,260-200,桔红
玻璃,,,亮银黑
玻璃,,,军绿
玻璃,,,宝兰
玻璃,,,未分色
玻璃,彩艺口杯中号,260-280,桔红
玻璃,,,亮银黑
玻璃,,,军绿
玻璃,,,宝兰
玻璃,,,未分色
玻璃,彩艺口杯大号,260-320,桔红
玻璃,,,亮银黑
玻璃,,,军绿
玻璃,,,宝兰
玻璃,,,未分色
玻璃,待插入产品,,
玻璃,待插入产品,,
玻璃,待插入产品,,
玻璃,待插入产品,,
玻璃,待插入产品,,
玻璃,小健牌玻璃杯,700-200,
玻璃,中健牌玻璃杯,700-280,
玻璃,大健牌玻璃杯,700-320,
玻璃,中健牌玻璃办公杯,700B-320,
玻璃,中健单层玻璃杯,700-400,
玻璃,小健单层玻璃杯,700-300,
玻璃,特号健牌口杯,700-500,有滤网
玻璃,大号健牌办公杯,700B-520,有滤网
玻璃,超大号健牌口杯,700-680,有滤网
玻璃,健牌3型大号口杯,703-320,有滤网
玻璃,健牌3型中号口杯,703-280,有滤网
玻璃,待插入产品,,
玻璃,多彩四件套,253-840,
玻璃,多彩六件套,253-1260,
玻璃,多彩玻璃口杯,253-210,
玻璃,小精艺单层口杯,258-280,
玻璃,中精艺单层口杯,258-350,
玻璃,特号精艺单层口杯,258-500,
玻璃,小精艺单层办公杯,258B-350,
玻璃,小号精艺单层休闲口杯,255A-200,
玻璃,中号精艺单层休闲口杯,255A-300,
玻璃,小精艺口杯,256-200,
玻璃,中精艺口杯,256-280,
玻璃,大精艺口杯,256-320,
玻璃,小精艺办公杯,256B-260,
玻璃,中精艺办公杯,256B-320,
玻璃,水晶精艺小口杯,,
玻璃,水晶精艺中口杯,257-280,
玻璃,水晶精艺大口杯,257-320,
玻璃,水晶精艺小号办公杯,,
玻璃,水晶精艺中号办公杯,257B-320,
玻璃,中黑晶玻璃杯,283-280,
玻璃,大黑晶玻璃杯,283-320,
玻璃,中黑晶办公杯,283B-320,
玻璃,特号黑晶口杯,283-500,
玻璃,中号银龙水晶口杯,292-280,有滤网
玻璃,大号银龙水晶口杯,292-320,有滤网
玻璃,中号银龙水晶办公杯,292B-320,有滤网
玻璃,中欣艺口杯,259-280,有滤网
玻璃,大欣艺口杯,259-320,有滤网
玻璃,中欣艺办公杯,259B-320,有滤网
玻璃,富光玻璃杯G001-280,G001-280,有滤网
玻璃,富光玻璃杯G001-320,G001-320,有滤网
玻璃,富光玻璃杯G001-320B,G001-320B,有滤网
玻璃,G005-240A口杯,G005-240A,有滤网
玻璃,G005-320,G005-320,有滤网
玻璃,G005-280,G005-280,有滤网
玻璃,中健悠品口杯,701-280,有滤网
玻璃,大健悠品口杯,701-320,有滤网
玻璃,中健悠品办公杯,701B-320,有滤网
玻璃,中号健悠品水晶口杯,702-280,有滤网
玻璃,大号健悠品水晶口杯,702-320,有滤网
玻璃,特号健悠品水晶口杯,702-500,有滤网
玻璃,中号健悠品水晶办公杯,702B-320,有滤网
玻璃,中健悠品水晶休闲口杯,702A-220,
玻璃,富光加长玻璃口杯小号,FGH-2131,
玻璃,富光加长描金玻璃口杯小号,FGH-2131,
玻璃,富光立体玻璃口杯小号,FGH-2127,
玻璃,尊荣口杯,282-280,
玻璃,G008单层,G008-300,
玻璃,G008-350,G008-350,
玻璃,G008-400,G008-400,
玻璃,G008双层,G008-240A,
玻璃,G008-200,G008-200,
玻璃,G008-280,G008-280,
玻璃,G008大口单层,G008-520,
玻璃,G008-360,G008-360,
玻璃,G008大口双层,G008-320,
玻璃,G008-260,G008-260,
玻璃,富光玻璃经典水晶杯,G108-280,
玻璃,中经典单层水晶口杯,G108-380,
玻璃,富光玻璃泡杯,G102-280,
玻璃,富光玻璃泡杯单层,G107-350,
玻璃,富光水晶泡杯,G105-280,
玻璃,待插入产品,,
玻璃,待插入产品,,
玻璃,待插入产品,,
玻璃,待插入产品,,
玻璃,待插入产品,,