太空杯500ml,FGA--102,件(48只),430×290×365,3.8,塑胶事业部
M33*2塑料套,,只,,0.1,塑胶事业部
31.5轴套,,只,,0.1,塑胶事业部
Φ10塑料堵头,,只,,0.08,塑胶事业部
400ml采样杯,,只,,20,塑胶事业部
淬火件,,公斤,,0.01,*
100ml采样杯,,只,,12,*
太空杯650ml,FGA--103,件(48只),490×330×370,4.4,塑胶事业部
太空杯800ml,FGA--104,件(48只),490×330×405,5.2,塑胶事业部
太空杯1000ml,FGA--105,件(48只),550×370×435,6.4,塑胶事业部
太空杯1500ml,FGA--106,件(48只),620×410×530,8.8,塑胶事业部
太空杯2000ml,FGA--107,件(30只),575×345×565,10.2,塑胶事业部
850直筒太空杯,FGA--107,件(48只),,9.5,塑胶事业部
M16*1.5塑料堵,,只,,0.08,塑胶事业部
35堵头,,只,,0.08,塑胶事业部
奇兵太空杯400ml,FGA--1346,件(48只),,4.2,塑胶事业部
奇兵太空杯500ml,FGA--1345,件(48只),,4.6,塑胶事业部
奇兵太空杯650ml,FGA--1344,件(48只),,5.2,塑胶事业部
奇兵水壶550ml,FGA--1343,件(48只),,5.4,塑胶事业部
G001-280玻璃杯,G001-280,件(20只),625×450×260,21.8,玻璃事业部
FGA富光玻璃办公杯,FB1003-320B,件(20只),,17.5,玻璃事业部
FGA富光玻璃口杯,FB1004-280,件(30只),,17.8,玻璃事业部
FGA富光玻璃办公杯,FB1004-320B,件(20只),,22,玻璃事业部
FGA富光玻璃口杯,FB1005-280,件(20只),,14.8,玻璃事业部
FGA富光玻璃口杯,FB1005-320,件(20只),,16.8,玻璃事业部
FGA富光玻璃办公杯,FB1005-320B,件(20只),,19,玻璃事业部
FGA富光玻璃口杯,FB1006-200,件(30只),,12.7,玻璃事业部
FGA富光玻璃口杯,FB1006-280,件(30只),,13.6,玻璃事业部
FGA富光玻璃口杯,FB1007-280,件(20只),,37.5,玻璃事业部
FGA富光玻璃口杯,FB1008-280,件(30只),,8.5,玻璃事业部
G001-320玻璃杯,G001-320,件(20只),625×450×260,23.8,玻璃事业部
FGA富光玻璃口杯,FB1008-320,件(30只),,9.5,玻璃事业部
FGA富光玻璃办公杯,FB1008-320B,件(20只),,11.3,玻璃事业部
FGA富光水晶玻璃口杯,FB1010-280,件(20只),,88,玻璃事业部
FGA富光水晶玻璃办公杯,FB1010-320B,件(16只),,98,玻璃事业部
FGA富光单层玻璃杯,FB6001-280,件(40只),,8.4,玻璃事业部
FGA富光单层玻璃杯,FB6001-460,件(40只),,9,玻璃事业部
FGA富光单层玻璃办公杯,FB6001-480B,件(20只),,16.2,玻璃事业部
G005-280玻璃杯,G005-280,件(18只),,22.5,玻璃事业部
G005-320玻璃杯,G005-320,件(18只),,22.8,玻璃事业部
G005-240A玻璃口杯,G005-240A,件(40只),,16.8,玻璃事业部
G001-320B玻璃杯,G001-320B,件(20只),625×450×260,27.8,玻璃事业部
FGA富光玻璃口杯,FB1001-280,件(30只),,14,玻璃事业部
FGA富光玻璃口杯,FB1001-320,件(30只),,15,玻璃事业部
FGA富光玻璃口杯,FB1001-320B,件(20只),,18.3,玻璃事业部
特制G001-500玻璃杯,,只,,36.8,玻璃事业部
FGA富光玻璃口杯,FGA.S305-280,件(30只),,13.6,玻璃事业部
FGA富光玻璃口杯,FB1009-280,件(30只),,9.6,玻璃事业部
FGA富光玻璃口杯,FB1009-320B,件(20只),,12,玻璃事业部
FGA富光玻璃口杯,FB1011-500,件(30只),,18,玻璃事业部
FGA富光玻璃口杯,FB1013-280,件(30只),,29,玻璃事业部
FGA富光玻璃口杯,FB1014-320,件(30只),,26,玻璃事业部
FGA富光玻璃口杯,FB1002-280,件(30只),,15.7,玻璃事业部
FGA富光玻璃口杯外箱,FB6001-280,只,,1.29,玻璃事业部
FGA富光玻璃口杯外箱,FB6001-480B,只,,2.09,玻璃事业部
FGA富光玻璃口杯外箱,FB1001-280,只,,1.52,玻璃事业部
FGA富光玻璃口杯外箱,FB1001-320,只,,1.71,玻璃事业部
G008-240A玻璃口杯,G008-240A,件(30只),,14.8,玻璃事业部
G008-200玻璃口杯,G008-200,件(30只),,13.8,玻璃事业部
G008-280玻璃口杯,G008-280,件(30只),,15.8,玻璃事业部
G008-300玻璃口杯,G008-300,件(30只),,8.8,玻璃事业部
G008-400玻璃口杯,G008-400,件(30只),,10.8,玻璃事业部
G008-350玻璃口杯,G008-350,件(30只),,9.8,玻璃事业部
FGA富光玻璃口杯,FB1002-320,件(30只),,16.8,玻璃事业部
悠乐水韵玻璃杯,YS-2002,件(30只),,13.6,玻璃事业部
悠乐水韵玻璃办公杯,YS-2002B,件(20只),,18,玻璃事业部
G008大口单层玻璃杯,G008-520,件(30只),,12.8,玻璃事业部
G008大口单层玻璃杯,G008-360,件(30只),,10.8,玻璃事业部
G008大口双层玻璃杯,G008-320,件(30只),,18.8,玻璃事业部
G008大口双层玻璃杯,G008-260,件(30只),,16.8,玻璃事业部
360ml单层玻璃水晶杯,,只,,14.2,玻璃事业部
FGA富光玻璃办公杯,FB1002-320B,件(20只),,18.9,玻璃事业部
FGA富光玻璃口杯,FB1003-200,件(30只),,13.6,玻璃事业部
FGA富光玻璃口杯,FB1003-280,件(30只),,14.5,玻璃事业部
FGA富光玻璃口杯,FB1003-320,件(30只),,15.5,玻璃事业部
特精彩休闲玻璃杯,221A-320,件(30只),520×435×180,16.8,玻璃事业部
FGA富光太空杯,FS1004-800,件(40只),,7.2,塑胶事业部
FGA富光太空杯,FS1018-750-2,件(40只),,8.8,塑胶事业部
FGA富光太空杯,FS1029-400-2,件(40只),,4.7,塑胶事业部
FGA富光太空杯,FS1029-400-3,件(40只),,4.7,塑胶事业部
FGA富光太空杯,FS1033-500,件(40只),,5.7,塑胶事业部
FGA富光太空杯,FS1021-330,件(40只),,6.7,塑胶事业部
FGA富光太空杯,FS1039-450,件(40只),,6.4,塑胶事业部
FGA富光太空杯,FS1016-650,件(40只),,5.2,塑胶事业部
FGA富光太空杯,FS1016-800,件(40只),,6.5,塑胶事业部
FGA富光太空杯,FS1031-800,件(40只),,9.8,塑胶事业部
FGA富光太空杯,FS1036-500,件(40只),,11.5,塑胶事业部
FGA富光太空杯,FS1005-400,件(40只),,6.1,塑胶事业部
FGA富光太空杯,FGA.S104-600,件(40只),,7.2,塑胶事业部
FGA富光太空杯,FGA.S103-500,件(40只),,5.8,塑胶事业部
FGA富光太空杯,FGA.S201-500,件(40只),,11.7,塑胶事业部
FGA富光口杯,FGA.S202-380,件(40只),,10.4,塑胶事业部
FGA富光口杯,FGA.S203-320,件(40只),,7,玻璃事业部
FGA富光口杯,FS6018-380,件(40只),,11.8,塑胶事业部
FGA富光口杯,FS1032-300,件(40只),,4.6,塑胶事业部
FGA富光口杯外箱,FS1008-800,只,,2.06,塑胶事业部
FGA富光口杯外箱,FS1003-500,只,,1.67,塑胶事业部
FGA富光口杯外箱,FS1001-650,只,,2.04,塑胶事业部
FGA富光太空杯,FS1005-600,件(40只),,7.2,塑胶事业部
FGA富光太空杯,FS1021-330-2,件(40只),,6.7,塑胶事业部
FGA富光太空杯,FS1021-450,件(40只),,6.7,塑胶事业部
FGA富光太空杯,FS1035-500,件(40只),,7.6,塑胶事业部
FGA富光太空杯,FGA.S405-500,件(30只),,26.8,塑胶事业部
FGA富光太空杯,FS1037-500,件(40只),,8.6,塑胶事业部
FGA富光太空杯,FS1037-650,件(40只),,9,塑胶事业部
FGA富光太空杯,FS1037-800,件(40只),,9.5,塑胶事业部
FGA富光太空杯,FS1035-680,件(40只),,8.6,塑胶事业部
FGA富光太空杯,FS1041-500,件(40只),,5.8,塑胶事业部
FGA富光太空杯,FS1041-800,件(40只),,6.8,塑胶事业部
FGA富光太空杯,FS1006-600,件(40只),,6.7,塑胶事业部
FGA富光太空杯,FS1042-500,件(40只),,6,塑胶事业部
FGA富光太空杯,FS1041-650,件(40只),,6.2,塑胶事业部
FGA富光太空杯,FS1042-650,件(40只),,6.6,塑胶事业部
FGA富光太空杯,FS1013-600-1,件(40只),,7.2,塑胶事业部
FGA富光太空杯,FS1035-500-2,件(40只),,7.6,塑胶事业部
FGA富光太空杯,FS1035-680-2,件(40只),,8.6,塑胶事业部
FGA富光太空杯,FS1042-800,件(40只),,7,塑胶事业部
FGA富光太空杯,FS1054-350,件(40只),,6.6,塑胶事业部
FGA富光太空杯,FS1054-450,件(40只),,6.9,塑胶事业部
FGA富光口杯,FS6025-280,件(40只),,8.6,塑胶事业部
FGA富光太空杯,FS1007-500,件(40只),,7.4,塑胶事业部
FGA富光口杯,FS6023-200,件(40只),,11.45,塑胶事业部
FGA富光太空杯,FS1008-600,件(40只),,12.5,塑胶事业部
FGA富光太空杯,FS1008-800,件(40只),,14.6,塑胶事业部
FGA富光太空杯,FS1009-1000,件(40只),,8.6,塑胶事业部
FGA富光太空杯,FS1009-400,件(40只),,5.2,塑胶事业部
FGA富光太空杯,FS1009-500,件(40只),,5.8,塑胶事业部
大精彩休闲玻璃杯,221A-260,件(30只),495×435×180,14.8,玻璃事业部
FGA富光太空杯,FS1009-800,件(40只),,7.6,塑胶事业部
FGA富光太空杯,FS1010-360,件(40只),,17.3,塑胶事业部
FGA富光太空杯,FS1010-420,件(40只),,19,塑胶事业部
FGA富光太空杯,FS1011-500,件(40只),,11.7,塑胶事业部
FGA富光太空杯,FS1011-600,件(40只),,12.7,塑胶事业部
FGA富光太空杯,FS1012-500,件(40只),,6.5,塑胶事业部
FGA富光太空杯,FS1012-600,件(40只),,6.7,塑胶事业部
FGA富光太空杯,FS1012-800,件(40只),,7.4,塑胶事业部
FGA富光太空杯,FS1013-600,件(40只),,7.2,塑胶事业部
FGA富光太空杯,FS1013-800,件(40只),,8.2,塑胶事业部
中精彩休闲玻璃杯,221A-220,件(30只),440×365×175,13.8,玻璃事业部
FGA富光太空壶,FS1014-600,件(40只),,9.2,塑胶事业部
FGA富光太空壶,FS1014-800,件(40只),,9.8,塑胶事业部
FGA富光太空杯,FS1017-600,件(40只),,6.6,塑胶事业部
FGA富光太空杯,FS1017-1000,件(40只),,9.6,塑胶事业部
FGA富光太空杯,FS1018-750,件(40只),,8.8,塑胶事业部
FGA富光太空杯,FS1020-500,件(40只),,5,塑胶事业部
FGA富光太空杯,FS1020-600,件(40只),,5.7,塑胶事业部
FGA富光太空杯,FS1022-400,件(40只),,4.3,塑胶事业部
FGA富光太空杯,FS1023-500,件(40只),,5.4,塑胶事业部
FGA富光太空杯,FS1023-650,件(40只),,6,塑胶事业部
FGA富光太空杯,FS1002-500,件(40只),,7.4,塑胶事业部
FGA富光太空杯,FS1024-500,件(40只),,4.7,塑胶事业部
FGA富光太空杯,FS1024-650,件(40只),,5.4,塑胶事业部
FGA富光太空杯,FS1025-500,件(40只),,5.6,塑胶事业部
FGA富光太空杯,FS1025-650,件(40只),,6.2,塑胶事业部
FGA富光太空杯,FS1025-800,件(40只),,7.3,塑胶事业部
FGA富光太空杯,FS1026-500,件(40只),,6.7,塑胶事业部
FGA富光太空杯,FS1026-600,件(40只),,7.3,塑胶事业部
FGA富光太空杯,FS1026-800,件(40只),,7.9,塑胶事业部
FGA富光太空杯,FS1027-500,件(40只),,4.7,塑胶事业部
FGA富光太空杯,FS1027-650,件(40只),,5.4,塑胶事业部
FGA富光太空杯,FS1002-650,件(40只),,7.8,塑胶事业部
FGA富光太空杯,FS1028-200,件(40只),,3.4,塑胶事业部
FGA富光太空杯,FS1028-300,件(40只),,3.9,塑胶事业部
FGA富光太空杯,FS1028-400,件(40只),,4.3,塑胶事业部
FGA富光太空杯,FS1028-500,件(40只),,4.7,塑胶事业部
FGA富光太空杯,FS1028-600,件(40只),,5.4,塑胶事业部
FGA富光太空杯,FS1029-300,件(40只),,4.3,塑胶事业部
FGA富光太空杯,FS1029-400,件(40只),,4.7,塑胶事业部
FGA富光太空杯,FS1029-500,件(40只),,5.2,塑胶事业部
FGA富光太空杯,FS1029-600,件(40只),,5.6,塑胶事业部
FGA富光口杯,FS6001-220,件(40只),,8.6,塑胶事业部
FGA富光太空杯,FS1003-400,件(40只),,4.9,塑胶事业部
FGA富光口杯,FS6001-320,件(40只),,10.6,塑胶事业部
FGA富光口杯,FS6001-420,件(40只),,13.6,塑胶事业部
FGA富光口杯,FS6002-220,件(40只),,11.66,塑胶事业部
FGA富光口杯,FS6002-320,件(40只),,13.8,塑胶事业部
FGA富光口杯,FS6002-420,件(40只),,16,塑胶事业部
FGA富光口杯,FS6003-220,件(40只),,10.4,塑胶事业部
FGA富光口杯,FS6003-320,件(40只),,11.66,塑胶事业部
FGA富光口杯,FS6004-400,件(40只),,10.4,塑胶事业部
FGA富光口杯,FS6004-600,件(40只),,12.5,塑胶事业部
FGA富光口杯,FS6005-200,件(40只),,11.45,塑胶事业部
FGA富光太空杯,FS1003-500,件(40只),,5.7,塑胶事业部
FGA富光口杯,FS6005-260,件(40只),,13.6,塑胶事业部
FGA富光口杯,FS6005-350,件(40只),,15.8,塑胶事业部
FGA富光口杯,FS6006-380T,件(40只),,10.4,塑胶事业部
FGA富光口杯,FS6006-380T-2,件(40只),,10.4,塑胶事业部
FGA富光口杯,FS6006-380T-3,件(40只),,10.4,塑胶事业部
FGA富光口杯,FS6007-280,件(40只),,8.6,塑胶事业部
FGA富光口杯,FS6007-380,件(40只),,9.2,塑胶事业部
FGA富光口杯,FS6008-180,件(40只),,5,塑胶事业部
FGA富光口杯,FS6008-320,件(40只),,6.8,塑胶事业部
FGA富光口杯,FS6010-360-1,件(40只),,10.6,塑胶事业部
FGA富光太空杯,FS1004-500,件(40只),,5.9,塑胶事业部
FGA富光口杯,FS6010-360-2,件(40只),,10.6,塑胶事业部
FGA富光口杯,FS6012-680T-1,件(40只),,11.6,塑胶事业部
FGA富光口杯,FS6012-680T-2,件(40只),,11.6,塑胶事业部
FGA富光口杯,FS6014-280,件(40只),,9.6,塑胶事业部
FGA富光口杯,FS6014-380,件(40只),,11.8,塑胶事业部
FGA富光口杯,FS6015-280,件(20只),,18.8,塑胶事业部
FGA富光口杯,FS6015-320,件(20只),,20.2,塑胶事业部
FGA富光口杯,FS6016-240,件(20只),,20.2,塑胶事业部
FGA富光口杯,FS6016-260,件(20只),,22.2,塑胶事业部
FGA富光口杯,FS6017-220,件(20只),,20,塑胶事业部
FGA富光太空杯,FS1004-650,件(40只),,6.3,塑胶事业部
FGA富光口杯,FS6017-280,件(20只),,23.6,塑胶事业部
FGA富光办公杯,FS6017-360B,件(20只),,26.2,塑胶事业部
FGA富光双层杯,FS8002-280-Z,件(20只),,26.1,塑胶事业部
FGA富光双层办公杯,FS8002-400B-Z,件(16只),,29.5,塑胶事业部
FGA富光双层杯,FS8003-320-B,件(20只),,42.5,塑胶事业部
FGA富光双层办公杯,FS8003-400B-B,件(16只),,48,塑胶事业部
FGA富光太空杯,FS1001-500,件(40只),,5,塑胶事业部
FGA富光太空杯,FS1001-650,件(40只),,5.7,塑胶事业部
FGA富光太空杯,FS1001-400,件(40只),,4.6,塑胶事业部
FGA富光太空杯,FS1022-400-2,件(40只),,4.3,塑胶事业部
健牌玻璃杯特号,700-500,件(30只),505×420×235,16.5,玻璃事业部
FGA富光真空杯,FZ1004-420,件(20只),,40.6,真空事业部
FGA富光真空杯,FZ1017-320,件(30只),,30,真空事业部
FGA富光真空办公杯,FZ1017-480B,件(20只),,38,真空事业部
FGA富光真空杯,FZ6015-1000,件(12只),,60,真空事业部
FGA富光真空杯,FZ6015-1500,件(12只),,64,真空事业部
FGA富光真空杯,FZ8003-280,件(30只),,31,真空事业部
FGA富光真空杯,YS-1001,件(30只),,26.8,真空事业部
FGA富光真空杯,FZ6015-1800,件(12只),,68,真空事业部
FGA富光真空杯,HSL101-500,件(30只),,26.8,真空事业部
FGA富光真空杯,FZ1014-200,件(30只),,30.5,真空事业部
FGA富光真空杯,FZ1014-450B,件(20只),,40,真空事业部
FGA富光真空办公杯,FZ1004-480B,件(16只),,49.2,真空事业部
FGA富光真空杯,FZ1016-340,件(30只),,63,真空事业部
FGA富光真空杯,FZ6013-450,件(30只),,52,真空事业部
FGA富光双层生态办公杯,FZ8003-400B,件(20只),,40,真空事业部
FGA富光真空杯,FZ8017-350,件(30只),,19,真空事业部
悠乐汉源悠品生态办公杯400ML,YS-1002B,件(20只),,38,真空事业部
悠乐星梦奇缘真空子弹头500ML,YS-1001,件(30只),,30.6,真空事业部
悠乐星梦奇缘真空子弹头350ML,YS-1035,件(36只),,28.6,真空事业部
悠乐Snow真空吸管杯340ML,YS-1004,件(36只),,36.6,真空事业部
悠乐汉源悠品生态杯380ML,YS-1002,件(36只),,30,真空事业部
FGA富光保温杯,FGA.S404-400,件(30只),,40.3,真空事业部
FGA富光真空杯,FZ1005-300,件(20只),,34.2,真空事业部
悠乐-律动非洲旅行壶,YS-1075,件(12只),,48,真空事业部
悠乐-心之旅旅行壶,YS-1100,件(12只),,52,真空事业部
FGA双层生态杯,FZ8006-380,件(20只),,26,真空事业部
悠乐1.0L旅行壶,YS-1000,件(12只),,52,真空事业部
FGA富光真空子弹头杯,FZ6021-350,件(30只),,18,真空事业部
FGA富光真空子弹头杯,FZ6021-500,件(30只),,19,真空事业部
FGA富光双层生态办公杯,FZ8001-480B,件(20只),,49.5,真空事业部
FGA480ml提带真空子弹头保温杯,YS-1008,只,,34,真空事业部
FGA富光真空杯,FZ1005-340,件(20只),,36.4,真空事业部
FGA富光真空办公杯,FZ1005-480B,件(16只),,49.2,真空事业部
FGA富光E动真空杯,FZ1006-450,件(30只),,51.4,真空事业部
FGA富光真空办公杯,FZ1007-480B,件(16只),,47,真空事业部
FGA富光真空杯,FZ1007-500T,件(30只),,51.4,真空事业部
FGA富光真空杯,FZ1009-320,件(30只),,29.6,真空事业部
FGA富光真空杯,FZ1011-340,件(30只),,24.8,真空事业部
健牌玻璃杯大号,700-320,件(40只),580×375×215,8.9,玻璃事业部
FGA富光真空办公杯,FZ1011-480B,件(20只),,32.6,真空事业部
FGA富光真空子弹头杯,FZ6001-350T,件(30只),,39,真空事业部
FGA富光真空子弹头杯,FZ6001-500T,件(30只),,41.2,真空事业部
FGA富光真空运动壶,FZ6002-300,件(30只),,28.4,真空事业部
FGA富光真空运动壶,FZ6002-500,件(30只),,30.6,真空事业部
FGA富光真空运动壶,FZ6002-600,件(30只),,34,真空事业部
FGA富光真空壶,FZ6003-350T,件(30只),,35,真空事业部
FGA富光真空壶,FZ6003-420T,件(30只),,37.1,真空事业部
FGA富光真空旅行壶,FZ6004-1200,件(12只),,73.2,真空事业部
FGA富光真空旅行壶,FZ6004-1500,件(12只),,76.4,真空事业部
健牌玻璃杯中号,700-280,件(40只),560×350×220,7.9,玻璃事业部
FGA富光真空旅行壶,FZ6004-1800,件(12只),,80.6,真空事业部
FGA富光真空生态壶,FZ6005-600,件(8只),,86,真空事业部
FGA富光真空学生壶,FZ6006-500,件(20只),,45,真空事业部
FGA富光真空学生壶,FZ6006-650,件(20只),,47,真空事业部
FGA富光真空旅行壶,FZ6007-1000,件(12只),,60,真空事业部
FGA富光真空旅行壶,FZ6007-1500,件(12只),,70.6,真空事业部
FGA富光真空旅行壶,FZ6007-1800,件(12只),,75,真空事业部
FGA富光真空旅行壶,FZ6007-750,件(12只),,55.6,真空事业部
FGA富光真空多用壶,FZ6008-1500,件(8只),,75,真空事业部
FGA富光真空子弹头杯,FZ6009-480,件(30只),,40.6,真空事业部
健牌玻璃杯小号,700-200,件(40只),485×310×190,7,玻璃事业部
FGA富光真空子弹头杯,FZ6009-600,件(30只),,42.8,真空事业部
FGA富光真空多用壶,FZ6010-1500,件(8只),,68,真空事业部
FGA富光真空焖烧壶,FZ6011-750,件(20只),,58.8,真空事业部
FGA富光真空吸管杯,FZ6012-340,件(30只),,36.6,真空事业部
FGA富光真空旅行壶,FZ6014-750,件(12只),,45,真空事业部
FGA富光真空旅行壶,FZ6014-1000,件(12只),,48,真空事业部
FGA富光真空旅行壶,FZ6014-1500,件(12只),,58.8,真空事业部
FGA富光真空旅行壶,FZ6014-1800,件(12只),,62.8,真空事业部
FGA富光真空子弹头杯,FZ6016-350T,件(30只),,25,真空事业部
FGA富光真空子弹头杯,FZ6016-500T,件(30只),,26.8,真空事业部
健牌玻璃办公杯中号,700B-320,件(20只),435×415×180,10.5,玻璃事业部
FGA富光双层生态杯,FZ8001-280,件(24只),,29.7,真空事业部
FGA富光双层生态杯,FZ8001-380,件(24只),,31.8,真空事业部
FGA富光双层生态办公杯,FZ8001-400B,件(20只),,40.3,真空事业部
FGA富光双层生态杯,FZ8006-220,件(20只),,30,真空事业部
FGA富光双层生态杯,FZ8006-280,件(20只),,32,真空事业部
FGA富光双层生态办公杯,FZ8006-420B,件(16只),,42.8,真空事业部
FGA富光E动生态杯,FZ8007-400,件(30只),,49.2,真空事业部
FGA富光双层生态办公杯,FZ8008-420B,件(16只),,49.2,真空事业部
FGA富光双层生态杯,FZ8009-280,件(30只),,23.6,真空事业部
FGA富光双层生态办公杯,FZ8009-400B,件(20只),,29.6,真空事业部
健牌玻璃办公杯大号,700B-520,件(20只),610×390×195,17,玻璃事业部
FGA富光双层休闲杯,FZ8014-450,件(40只),,21.6,真空事业部
FGA富光双层休闲办公杯,FZ8015-500B,件(40只),,26,真空事业部
FGA富光双层休闲办公杯,FZ8016-480B,件(40只),,22.8,真空事业部
FGA富光真空杯,FZ1001-400T,件(30只),,40.3,真空事业部
FGA富光真空杯,FZ1003-200,件(30只),,25.6,真空事业部
FGA富光真空杯,FZ1002-280,件(30只),,34,真空事业部
FGA富光真空杯,FZ1001-300T,件(30只),,38.2,真空事业部
FGA富光真空杯,FZ1002-360,件(30只),,34.8,真空事业部
FGA富光真空杯,FZ1003-350,件(30只),,34.2,真空事业部
FGA富光真空银办公杯,FZ1013-460B,只,,1160,真空事业部
超大号健牌口杯滤叶,700-680,件(20只),610×390×195,19.5,玻璃事业部
FGA富光真空杯,FZ6003-420,件(30只),,37.1,真空事业部
FGA富光真空杯,,只,,29.3,真空事业部
FGA富光真空杯,FZ1003-250,件(30只),,27.8,真空事业部
FGA富光真空杯外箱,FZ6003-350T,只,,1.45,真空事业部
FGA富光真空杯外箱,FZ1001-400T,只,,1.4,真空事业部
FGA富光真空杯外箱,FZ1002-360,只,,1.4,真空事业部
FGA富光真空杯外箱,FZ6001-500T,只,,1.5,真空事业部
FGA富光真空杯外箱,FZ1002-280,只,,1.2,真空事业部
FGA富光真空杯外箱,FZ6003-420T,只,,1.55,真空事业部
FGA富光真空杯外箱,FZ8001-280,只,,1.2,真空事业部
FGA富光真空杯,FZ1003-450,件(30只),,36.4,真空事业部
FGA富光真空杯外箱,FZ8001-380,只,,1.3,真空事业部
FGA富光真空杯外箱,FZ8001-400B,只,,2,真空事业部
FGA富光双层生态瓷胆口杯,,只,,28.1,真空事业部
FGA富光真空工艺杯,FZ1012-350,件(20只),,168,真空事业部
FGA富光真空工艺办公杯,FZ1012-460B,件(16只),,198,真空事业部
FGA富光真空外箱,FZ6004-1500,只,,2.2,真空事业部
FGA富光真空外箱,FZ8008-420B,只,,2.99,真空事业部
FGA富光真空外箱,FZ1005-480B,只,,6,真空事业部
FGA富光真空外箱,FZ6016-500T,只,,5,真空事业部
FGA富光真空外箱,FZ8006-280,只,,5,真空事业部
FGA富光真空杯,FZ1004-360,件(20只),,37.4,真空事业部
FGA富光真空杯,FZ8013-280,件(30只),,54,真空事业部
FGA富光双层生态办公杯,FZ8003-400B,件(20只),,40,真空事业部
FGA富光真空杯,FZ8017-550,件(30只),,20.5,真空事业部
FGA富光真空杯,FZ8017-700,件(30只),,24.5,真空事业部
FGA富光真空杯,FZ1014-280,件(30只),,32.5,真空事业部
FGA富光真空办公杯,FZ1014-450B,件(20只),,40,真空事业部
FGA富光真空杯,FZ1015-240,件(30只),,34.6,真空事业部
FGA富光真空杯,FZ1015-380,件(30只),,37.8,真空事业部
FGA富光真空杯,FZ8018-280,件(30只),,63,真空事业部
小健牌单层玻璃杯,700-300,件(40只),510×325×195,4.8,玻璃事业部
中健牌单层玻璃杯,700-400,件(40只),515×365×215,5.5,玻璃事业部
中健牌悠品玻璃杯,701-280,件(40只),590×375×215,11.9,玻璃事业部
大健牌悠品玻璃杯,701-320,件(40只),615×385×220,12.9,玻璃事业部
中健牌悠品玻璃办公杯,701B-320,件(20只),550×345×180,15.9,玻璃事业部
中健牌悠品水晶玻璃杯,702-280,件(18只),,26.8,玻璃事业部
大健牌悠品水晶玻璃杯,702-320,件(18只),,28.8,玻璃事业部
中健牌悠品水晶办公杯,702B-320,件(18只),,32.8,玻璃事业部
特号健悠品水晶口杯,702-500,件(15只),,36.8,玻璃事业部
中健悠品水晶休闲玻璃口杯,702A-220,件(30只),,18.8,玻璃事业部
小号精品力德尔玻璃杯,LDR--8020,件(20只),528×335×205,32,玻璃事业部
中号力浮雕玻璃杯,LDR--8050,件(20只),475×440×245,43,玻璃事业部
力德尔纳米玻璃杯套装,,件(10只),475×440×245,40,玻璃事业部
小力德尔加长玻璃杯,,件(20只),475×440×245,10,玻璃事业部
力德尔中号双层玻璃杯,L1001-280,件(30只),475×440×245,8.5,玻璃事业部
280ml力德尔水晶玻璃杯,LG111-280,件(30只),475×440×245,16.9,玻璃事业部
力德尔纳米双层小号加长,LDR-8053,只,475×440×245,30,玻璃事业部
中号精品力德尔玻璃杯,LDR--8015,件(20只),466×451×226,36,玻璃事业部
大号精品力德尔玻璃杯,LDR--8024,件(20只),466×451×226,38,玻璃事业部
特号精品力德尔玻璃杯,LDR--8030,件(12只),570×335×270,46,玻璃事业部
小号普通力德尔玻璃杯,LDR--8027,件(30只),368×305×174,18,玻璃事业部
中号普通力德尔玻璃杯,LDR--8013,件(30只),415×345×190,20,玻璃事业部
中号力德尔玻璃办公杯,LDR--B8032,件(16只),590×380×200,43,玻璃事业部
大号力德尔玻璃办公杯,LDR--B8033,件(16只),650×430×215,48,玻璃事业部
力德尔玻璃套装,LDR--B8042,件(10只),640×480×250,96,玻璃事业部
新1.2L力德尔旅行壶,LDR--8054,件(12只),480×360×290,64,真空事业部
新1.5L力德尔旅行壶,LDR--8055,件(12只),480×360×315,68,真空事业部
新1.8L力德尔旅行壶,LDR--8056,件(12只),480×360×345,72,真空事业部
力德尔塑料电热水壶,LDR113-1500,件(6只),480×360×345,58,真空事业部
300力德尔真空运动壶,LDR--8057,件(30只),465×385×185,26,真空事业部
500力德尔真空运动壶,LDR--8058,件(30只),465×385×235,28,真空事业部
600力德尔真空运动壶,LDR--8059,件(30只),465×385×275,30,真空事业部
750力德尔真空运动壶,LDR--8070,件(30只),495×415×300,35,真空事业部
350力德尔真空动感壶,LDR--8073C,件(30只),495×415×300,35,真空事业部
500力德尔真空动感壶,LDR--8072B,件(30只),495×415×300,38,真空事业部
750力德尔真空动感壶,LDR--8071A,件(30只),495×415×300,33,真空事业部
直槽杯650ML太空杯,,件(48只),,5.6,塑胶事业部
280健牌生态杯,BJ-280,件(20只),,22.8,真空事业部
400健牌生态办公杯,BJ-400B,件(16只),,28.8,真空事业部
380健牌生态杯,BJ-380,件(20只),,38,真空事业部
380休闲滤叶口杯二型,FGA200-380-2,件(40只),,7.8,塑胶事业部
380休闲滤叶口杯三型,FGA200-380-3,件(40只),,7.8,塑胶事业部
680休闲滤叶口杯,FGA200-680,件(40只),,9.8,塑胶事业部
380休闲滤叶口杯,FGA200-380,件(40只),,7.8,塑胶事业部
6001安全帽,,件(50只),,6.6,安全帽事业部
8003安全帽内衬,,只,,2.75,安全帽事业部
8004安全帽内衬,,只,,3.6,安全帽事业部
8005安全帽内衬,,只,,3.6,安全帽事业部
8008安全帽内衬,,只,,3.7,安全帽事业部
8003安全帽,,件(30只),,10.8,安全帽事业部
8004安全帽,,件(30只),,13.6,安全帽事业部
8005安全帽,,件(30只),,13.8,安全帽事业部
8006安全帽,,件(20只),,18.8,安全帽事业部
8008安全帽,,件(20只),,13,安全帽事业部
6003安全帽,,件(30只),,8.8,安全帽事业部
8004安全帽(无泡沫垫),,件(30只),,12.8,安全帽事业部
8005安全帽(无泡沫垫),,件(30只),,13,安全帽事业部
340吸管真空杯,FGL-3250,件(30只),425×355×255,36.6,真空事业部
280生态汽车杯（紫砂）,FGL--3219,件(30只),636×400×260,56,真空事业部
280生态汽车杯（陶瓷）,FGL--3219,件(30只),636×400×260,56,真空事业部
320真空汽车杯,FGK--3217,件(30只),636×400×260,45,真空事业部
450真空汽车杯,FGK--3216,件(30只),,48.6,真空事业部
280生态汽车杯配件,,套,,38,真空事业部
350时尚办公杯,FGL--3253,件(16只),,55,真空事业部
500时尚办公杯,FGL--3254,件(16只),,66,真空事业部
1600ML三指杯配三角杯盖(BPA料),,件(48只),,11.6,塑胶事业部
500ML燕尾太空杯加铝盖,,件(48只),,6.8,塑胶事业部
1000ML直形杯配三角杯盖(BPA料),,件(48只),,8,塑胶事业部
350ML时尚背带吸管杯(BPA料),,件(48只),,6.2,塑胶事业部
400ml休闲滤叶太空杯,,件(48只),,8.8,塑胶事业部
600ml休闲滤叶太空杯,,件(48只),,10.8,塑胶事业部
EP350ML直形吸管杯,,件(48只),,4.2,塑胶事业部
三角杯400ML,,件(48只),,3.9,塑胶事业部
储藏罐125ML,,只,,4,塑胶事业部
储藏罐300ML,,只,,5.2,塑胶事业部
300ml手柄吸管杯(BPA),,件(48只),,5.2,塑胶事业部
400ml手柄吸管杯(BPA),,件(48只),,6,塑胶事业部
E动800太空杯2#,,件(48只),,8.8,塑胶事业部
400ml提带吸管杯(BPA),,件(48只),,6.4,塑胶事业部
300ml提带吸管杯(BPA),,件(48只),,5.8,塑胶事业部
新动感400杯3型-2(BPA),,件(48只),,6.2,塑胶事业部
新动感500杯3型-2(BPA),,件(48只),,6.6,塑胶事业部
新动感600杯3型-2(BPA),,件(48只),,7.4,塑胶事业部
易开太空杯500ML,,件(48只),,7.6,塑胶事业部
易开太空杯680ML,,件(48只),,8,塑胶事业部
易开太空杯680ML(BPA),,件(48只),,9.6,塑胶事业部
易开太空杯500ML(BPA),,件(48只),,8.6,塑胶事业部
800ml时尚太空杯8型,,件(48只),,8.8,塑胶事业部
E动1000太空杯2#,,件(48只),,9.8,塑胶事业部
动感滤叶1500ML杯铝盖（双提绊）,,件(48只),,10.65,塑胶事业部
动感提绊(无盖）,,只,,0.5,塑胶事业部
动感软绊(无盖）,,只,,0.8,塑胶事业部
义乌吸管,,只,,0.7,塑胶事业部
3A E代1000ml太空杯,,件(48只),,6.6,塑胶事业部
3A E代1000ml太空杯(无滤网),,件(48只),,6.4,塑胶事业部
小冷冻棒,,只,,0.55,塑胶事业部
大冷冻棒,,只,,0.6,塑胶事业部
新动感1000ml杯1型（BPA料）,,件(48只),,10.8,塑胶事业部
1000凹槽杯,,件(48只),,7.4,塑胶事业部
新动感750ML太空杯1#,,件(48只),,8.2,塑胶事业部
750ML直型杯（BPA）,,件(48只),,6.5,塑胶事业部
500ML 二指杯(BPA),,件(48只),,5.2,塑胶事业部
350ml直形太空杯（BPA）,,件(48只),,5.6,塑胶事业部
1000ml燕尾杯加动感盖,,件(48只),,7.2,塑胶事业部
新动感1000ML太空杯1#,,件(48只),,8.8,塑胶事业部
老800ml加重（14g）,,件(48只),,5.6,塑胶事业部
老500ml加重（21g）,,件(48只),,4.8,塑胶事业部
老1000ml加重（47g）,,件(48只),,8,塑胶事业部
800ML燕尾太空杯加铝盖,,件(48只),,7.6,塑胶事业部
动感滤叶太空杯1500ML(BPA料),,件(48只),,11.4,塑胶事业部
1500凹槽杯（无冷冻棒）,,件(48只),,8.9,塑胶事业部
动感滤叶2800ML杯铝盖（双提绊）,,件(30只),,16.05,塑胶事业部
时尚吸管（整支）,,只,,0.7,塑胶事业部
750ML时尚太空杯5型-1型,,件(48只),,8,塑胶事业部
750ML时尚太空杯5型-2型,,件(48只),,8,塑胶事业部
开模费,,只,,1,塑胶事业部
富光A型500ML太空杯,,件(48只),,4.8,塑胶事业部
富光B型800ML太空杯,,件(48只),,6.8,塑胶事业部
新动感800杯3型-1,FGA123-800,件(48只),,7.8,塑胶事业部
新动感1000杯3型-1,FGA123-1000,件(48只),,8.8,塑胶事业部
650凹槽杯,,件(48只),,5.6,塑胶事业部
500子弹头太空杯,FGA130-500,件(48只),,10.6,塑胶事业部
800凹槽杯,,件(48只),,6.4,塑胶事业部
动感滤叶太空杯2000ML（BPA料）,,件(30只),,13.8,塑胶事业部
富光A型400ML太空杯,,件(48只),,4.3,塑胶事业部
动力太空杯2000ML(无吸管),,件(30只),,12.6,塑胶事业部
动力太空杯2000ML(BPA料),,件(30只),,14,塑胶事业部
动力太空杯600ML(BPA料),,件(48只),,6.6,塑胶事业部
600时尚六型太空杯（BPA料）,,件(48只),,7.6,塑胶事业部
500斜口太空杯,,件(48只),,5.4,塑胶事业部
800燕尾杯动感盖（BPA料）,,件(48只),,8.2,塑胶事业部
富光A型600ML太空杯,,件(48只),,5.4,塑胶事业部
600子弹头太空杯,FGA130-600,件(48只),,11.8,塑胶事业部
富光B型500ML太空杯,,件(48只),,5.4,塑胶事业部
富光B型600ML太空杯,,件(48只),,5.8,塑胶事业部
400运动壶4型,FGA139-400,件(48只),,4.2,塑胶事业部
1000ML三指杯,,件(48只),,7.4,塑胶事业部
650ML燕尾钢盖杯,,件(48只),,11.5,塑胶事业部
800ML燕尾钢盖杯,,件(48只),,13.5,塑胶事业部
1000ML燕尾钢盖杯,,件(48只),,15.5,塑胶事业部
500ML 二指杯,,件(48只),,4.1,塑胶事业部
650燕尾杯动感盖（BPA料）,,件(48只),,7.6,塑胶事业部
500燕尾杯动感盖（BPA料）,,件(48只),,6.8,塑胶事业部
时尚650太空杯3型,,件(48只),,6.6,塑胶事业部
1000燕尾杯动感盖（BPA料）,,件(48只),,9.2,塑胶事业部
400ml精品运动壶(BPA料),,件(48只),,5.2,塑胶事业部
500ml精品运动壶(BPA料),,件(48只),,6.2,塑胶事业部
800ml精品运动壶(BPA料),,件(48只),,8,塑胶事业部
1500ml精品运动壶(BPA料),,件(30只),,11.4,塑胶事业部
800ml学生壶(BPA料),,件(30只),,10.4,塑胶事业部
600ml学生壶(BPA料),,件(30只),,9.6,塑胶事业部
时尚500太空杯3型,,件(48只),,6.2,塑胶事业部
动力太空杯1000ml（BPA料）,,件(48只),,9.8,塑胶事业部
拇指动感滤叶太空杯2000ml,,件(30只),,11.4,塑胶事业部
1000ml精品运动壶(BPA料),,件(48只),,9,塑胶事业部
时尚800太空杯3型,,件(48只),,7.4,塑胶事业部
800时尚太空杯六型(BPA料),,件(48只),,8.6,塑胶事业部
动感滤叶太空杯500ML（BPA料）,,件(48只),,5.4,塑胶事业部
动感滤叶太空杯650ML（BPA料）,,件(48只),,6.4,塑胶事业部
动感滤叶太空杯800ML（BPA料）,,件(48只),,7.4,塑胶事业部
动感滤叶太空杯1000ML（BPA料）,,件(48只),,8.4,塑胶事业部
老500杯加重21g(BPA料),,件(48只),,5.8,塑胶事业部
老800杯加重14g(BPA料),,件(48只),,7.2,塑胶事业部
老1000杯加重47g(BPA料),,件(48只),,10.2,塑胶事业部
1000时尚太空杯六型(BPA料),,件(48只),,9.8,塑胶事业部
动感滤叶太空杯2800ml杯1型(BPA料),,件(30只),,16.4,塑胶事业部
1000ML燕尾太空杯加铝盖,,件(48只),,8.6,塑胶事业部
义乌动感500ML太空杯加铝盖,,件(48只),,6.6,塑胶事业部
义乌动感650ML太空杯加铝盖,,件(48只),,6.8,塑胶事业部
义乌动感800ML太空杯加铝盖,,件(48只),,7.6,塑胶事业部
义乌动感1000ML太空杯加铝盖,,件(48只),,8.2,塑胶事业部
义乌动感1500ML太空杯加铝盖,,件(48只),,10.5,塑胶事业部
E代500ML太空杯加铝盖,,件(48只),,6.4,塑胶事业部
E代650ML太空杯加铝盖,,件(48只),,6.8,塑胶事业部
E代800ML太空杯加铝盖,,件(48只),,7.6,塑胶事业部
550ML直形杯配三角杯盖,,件(48只),,5,塑胶事业部
动感滤叶2000ML杯铝盖（双提绊）,,件(30只),,12.45,塑胶事业部
750ML直形杯配三角杯盖,,件(48只),,5.8,塑胶事业部
1000ML直形杯配三角杯盖,,件(48只),,6.8,塑胶事业部
义乌600ML学生壶1型,,件(30只),,8.8,塑胶事业部
义乌800ML学生壶1型,,件(30只),,9.6,塑胶事业部
750ML时尚太空杯5型(BPA料),,件(48只),,9.4,塑胶事业部
400ML三角杯2型(BPA料),,件(48只),,4.4,塑胶事业部
500ML燕尾太空杯加铝盖(BPA料),,件(48只),,8,塑胶事业部
650ML燕尾太空杯加铝盖(BPA料),,件(48只),,8.6,塑胶事业部
800ML燕尾太空杯加铝盖(BPA料),,件(48只),,9.2,塑胶事业部
1000ML燕尾太空杯加铝盖(BPA料),,件(48只),,10.2,塑胶事业部
650ML燕尾太空杯加铝盖,,件(48只),,7.2,塑胶事业部
650ML燕尾太空杯加E代盖(BPA料),,件(48只),,6.4,塑胶事业部
动感2000ML太空杯加铝盖(BPA料),,件(30只),,15.6,塑胶事业部
动感2800ML太空杯加铝盖(BPA料),,件(30只),,18.2,塑胶事业部
新动感400ML太空杯1型(BPA料),,件(48只),,6.2,塑胶事业部
新动感500ML太空杯1型(BPA料）,,件(48只),,7.2,塑胶事业部
新动感600ML太空杯1型(BPA料）,,件(48只),,7.8,塑胶事业部
750ML三指杯配三角杯盖(BPA料）,,件(48只),,7,塑胶事业部
1000ML三指杯配三角杯盖(BPA料）,,件(48只),,8,塑胶事业部
550ML直形杯配三角杯盖(BPA料),,件(48只),,6,塑胶事业部
750ML直形杯配三角杯盖(BPA料),,件(48只),,7,塑胶事业部
360ML太空杯泡茶师2#,FGA136-360,件(48只),,14.6,塑胶事业部
500ML太空杯泡茶师2#,FGA136-500,件(48只),,15.6,塑胶事业部
420茗香泡茶师,,只,,19,塑胶事业部
580太空泡茶师,FGA-1335,件(48只),,17.6,塑胶事业部
400ml茶人泡茶师,,只,,8.8,塑胶事业部
760太空泡茶师,FGA-1334,件(48只),,18.6,塑胶事业部
650ml茗香太空杯2型,FGA-132-650,件(48只),,8,塑胶事业部
泡茶器,FGA-132-650,套,,56.8,玻璃事业部
拾喜380真空子弹头4型,BEST01-5042,只,,26.6,真空事业部
拾喜600真空子弹头,BEST01-1001,只,,40,真空事业部
拾喜塑瓷5型办公杯,BEST03-2005,只,,52.8,塑胶事业部
拾喜E动550太空杯6型,BEST05-1080,只,,6.2,塑胶事业部
拾喜400ml至臻工艺生态办公杯,BEST02-2006,只,,166,真空事业部
拾喜G008-280双层玻璃杯,BEST06-1015,只,,16.2,玻璃事业部
拾喜G008-400双层玻璃杯,BEST06-1014,只,,11.2,玻璃事业部
拾喜300时尚吸管太空杯（手柄）,BEST05-1023,只,,5.2,塑胶事业部
拾喜400时尚吸管太空杯（手柄）,BEST05-1023B,只,,6.2,塑胶事业部
拾喜200ml休闲真空杯,BEST01-1016,只,,30.5,真空事业部
拾喜280ml休闲真空杯,BEST01-1017,只,,32.5,真空事业部
拾喜450ml休闲真空办公杯,BEST01-2015,只,,40,真空事业部
拾喜340真空泡茶师二代,BEST01-3001,只,,60,真空事业部
拾喜240ml顺风真空杯,BEST01-1015,只,,34.6,真空事业部
拾喜500ml酷派真空杯,BEST01-1026,只,,44,真空事业部
拾喜480ml酷派真空办公杯,BEST01-2002,只,,46,真空事业部
拾喜280ml超炫生态杯,BEST03-1048,只,,76,真空事业部
拾喜340ml富光真空杯,BEST01-1030,只,,24.8,真空事业部
拾喜480ml富光真空办公杯,BEST01-2003,只,,32.6,真空事业部
拾喜280ml瓷韵生态杯,BEST03-1029,只,,168,真空事业部
拾喜中号黑晶玻璃工艺杯,BEST06-1008,只,,67.5,玻璃事业部
拾喜中号黑晶玻璃工艺办公杯,BEST06-2003,只,,75.5,玻璃事业部
拾喜中号健悠品玻璃办公杯,BEST06-2005,只,,15.9,玻璃事业部
拾喜1.8富光真空旅行壶,BEST01-5007,只,,68,真空事业部
拾喜G005-280玻璃杯,BEST06-1012,只,,24.5,玻璃事业部
拾喜280ml生态泡茶师,BEST02-3005,只,,56,真空事业部
拾喜280ml生态汽车杯,BEST02-4005,只,,48,真空事业部
拾喜中精彩玻璃办公杯,BEST06-2005,只,,16.8,玻璃事业部
拾喜1.5L力德尔真空旅行壶,BEST01-5015,只,,65,真空事业部
拾喜750ml时尚5型-1太空杯,BEST05-1010,只,,7.2,塑胶事业部
拾喜280茗派生态杯,BEST02-1020,只,,28,真空事业部
拾喜500ml泡茶器套装,BEST06-2004,件(48只),,39.8,玻璃事业部
拾喜280ml至臻生态杯,BEST02-1036,只,,146,真空事业部
拾喜350ml至臻银杯,BEST01-1023,只,,360,真空事业部
拾喜1.5富光真空旅行壶,BEST01-5006,只,,62,真空事业部
拾喜500ml真空警壶,BEST01-5068,只,,88,真空事业部
拾喜350ml时尚真空办公杯,BEST01-2007,只,,46.9,真空事业部
拾喜500ml时尚真空办公杯,BEST01-2008,只,,57.2,真空事业部
拾喜多彩四件套,BEST05-3005,只,,26.8,玻璃事业部
拾喜280ml生态泡茶师,BEST03-3006,只,,56,真空事业部
拾喜1.5多用壶,BEST01-5001,只,,68,真空事业部
拾喜礼盒,,只,,6.8,真空事业部
拾喜优优太空杯,BEST05-1076,只,,4.6,塑胶事业部
拾喜550背带水壶,FGA169-550,只,,6.8,塑胶事业部
拾喜450背带水壶,FGA169-450,只,,6.4,塑胶事业部
拾喜420欣瑞真空杯,BEST01-1035,只,,27,真空事业部
拾喜350真空子弹头3型,FGA01-5045,只,,28.6,真空事业部
拾喜340吸管真空杯,BEST01-1042,只,,36.6,真空事业部
拾喜350背带水壶,FGA169-350,只,,6,塑胶事业部
拾喜3.2L真空车载壶,FGL-3305,只,,146,真空事业部
拾喜400ml双层生态办公杯,BEST02-2001,只,,48,真空事业部
拾喜450ml乘风真空办公杯,BEST01-2012,只,,146,真空事业部
拾喜300ml力德尔真空运动壶,BEST03-005,只,,25,真空事业部
拾喜方圆杯,,只,,9.8,塑胶事业部
280逸品泡杯,FHP1110-280,只,,39.8,塑胶事业部
500易开太空杯1型,FS1035-500,只,,7.6,塑胶事业部
拾喜玻璃泡茶器套装,BEST05-3011,只,,32,玻璃事业部
500新动感1型,BSET05-1054,只,,6,塑胶事业部
拾喜400新茗派生态杯（紫砂胆）,BEST05-3011,只,,33.8,真空事业部
拾喜400新茗派生态杯（陶瓷胆）,BEST05-3011,只,,37.6,真空事业部
拾喜360真空泡茶师,BEST01-3003,只,,86.83,真空事业部
拾喜280健牌生态杯(陶瓷),BEST03-1024,只,,24.8,真空事业部
拾喜260至臻工艺杯,BEST01-1021,只,,128,真空事业部
拾喜500真空子弹头3型,BEST01-5024,只,,26.8,真空事业部
拾喜300炫耀太空杯,BEST05-1013,只,,4,塑胶事业部
拾喜460至臻工艺办公杯,BEST01-2010A,只,,178,真空事业部
拾喜280皮纹生态杯,BEST02-1028,只,,60,真空事业部
拾喜350超炫真空杯3型,BEST01-1041,只,,54,真空事业部
拾喜350真空子弹头3型,BEST01-5023,只,,25,真空事业部
拾喜280新茗派生态杯,BEST03-1027,只,,26,真空事业部
拾喜400时尚8型太空杯,BEST05-1041,只,,5.8,塑胶事业部
拾喜400顺风真空杯,BEST01-1024,只,,38,真空事业部
拾喜500真空子弹头4型,BEST01-5041,只,,28.6,真空事业部
拾喜350至臻工艺杯,BEST01-1022,只,,148,真空事业部
拾喜280生态杯,BEST03-1001,只,,40,真空事业部
拾喜健牌悠品口杯,BEST05-3004,只,,11,玻璃事业部
拾喜精艺玻璃办公杯,BEST05-3006,只,,16.8,玻璃事业部
拾喜400双层生态办公杯,BEST03-2001,只,,48,真空事业部
拾喜中欣艺玻璃杯,BEST05-3003,只,,11.8,玻璃事业部
拾喜280精品塑瓷口杯,BEST03-1012,只,,96,塑胶事业部
拾喜中塑瓷口杯2型,BEST03-1032,只,,42,塑胶事业部
拾喜240塑瓷泡茶师,BEST03-1020,只,,68,塑胶事业部
拾喜500卓尔子弹头,BEST01-5022,只,,31.6,真空事业部
拾喜中号炫彩口杯,BEST04-004,只,,22.8,塑胶事业部
拾喜400茗派生态办公杯,BEST02-2005,只,,38,真空事业部
拾喜中彩艺玻璃口杯,BEST06-1012,只,,9.5,玻璃事业部
拾喜中精彩玻璃口杯,BEST05-3007,只,,14.8,玻璃事业部
拾喜320ML欣瑞真空杯,BEST01-1031,只,,24.8,真空事业部
拾喜650ML真空学生壶,BEST01-5020,只,,40,真空事业部
拾喜750时尚5型-2,BEST05-1011,只,,7.2,塑胶事业部
拾喜E动800太空杯3型,BEST05-1030,只,,6.6,塑胶事业部
拾喜280ml生态泡茶师,BEST02-1037,只,,56,真空事业部
拾喜350ml精艺单层玻璃口杯,BEST06-1011,只,,12.8,玻璃事业部
拾喜1.0L富光真空旅行壶,BEST01-5005,只,,52,真空事业部
拾喜450精品太空杯5型,BEST05-1057,只,,5.6,塑胶事业部
拾喜320真空汽车杯,BEST01-4004,只,,48,真空事业部
拾喜E动彩艺玻璃口杯,BEST05-1073,只,,13.3,玻璃事业部
拾喜480经典办公杯3型,BEST01-2001,只,,46,真空事业部
拾喜400新茗派生态办公杯,BEST02-2011,只,,33.8,真空事业部
拾喜500精品高盖杯,BEST05-1014,只,,10.8,塑胶事业部
拾喜800精品运动壶,BEST05-1035,只,,11,塑胶事业部
拾喜500精品太空杯2型,BEST05-1025,只,,5,塑胶事业部
拾喜650精品太空杯2型,BEST05-1026,只,,5.2,塑胶事业部
拾喜单瓦白盒,,只,,1,真空事业部
拾喜280皮纹生态杯,BEST03-1028,只,,62.8,真空事业部
拾喜300塑瓷口杯,BEST03-1046,只,,68,塑胶事业部
拾喜280生态泡茶师,BEST03-1045,只,,56,真空事业部
拾喜400超越太空杯2型,BEST05-1037,只,,4,塑胶事业部
拾喜400新茗派生态办公杯,BEST03-2007,只,,37.6,真空事业部
拾喜500真空子弹头3型,BEST01-5044,只,,26.8,真空事业部
拾喜295ml高口生态杯,BEST02-1005,只,,40,真空事业部
拾喜二代280茗派生态杯,BEST02-1001,只,,29,真空事业部
拾喜二代420茗派生态办公杯,BEST02-2010,只,,42,真空事业部
拾喜1.2L力德尔真空旅行壶,BEST01-5014,只,,60,真空事业部
拾喜280ml生态杯,BEST02-1009,只,,40,真空事业部
拾喜280ml乘风生态杯,BEST02-1028,只,,60,真空事业部
拾喜E动650ml太空杯6型-2,BEST05-1080,只,,8.6,塑胶事业部
拾喜280健牌生态杯,BEST02-1032,只,,21,真空事业部
拾喜500ml吸管太空杯,BEST05-1081,只,,13.8,塑胶事业部
拾喜280ml精品玻璃杯,BEST06-3004,只,,11,玻璃事业部
拾喜中银龙玻璃杯,BEST06-1006,只,,70,玻璃事业部
拾喜400炫耀太空杯,BEST05-1050,只,,4.4,塑胶事业部
拾喜1.3L多用暖壶2型,BEST05-1071,只,,25.8,塑胶事业部
拾喜600时尚8型太空杯,BEST05-1042,只,,6.2,塑胶事业部
拾喜中彩艺玻璃杯,BEST06-1013,只,,10.5,玻璃事业部
拾喜大精艺玻璃杯,BEST05-3005,只,,15.8,玻璃事业部
拾喜600真空警壶,BEST01-5068,只,,80,真空事业部
拾喜280至臻生态杯,BEST03-1044,只,,146,真空事业部
拾喜420经典真空杯三代,BEST01-1007,只,,38,真空事业部
拾喜460至臻工艺办公杯,BEST01-2011,只,,178,真空事业部
拾喜大精艺玻璃杯,BEST06-1002,只,,14.8,玻璃事业部
拾喜滤网,,只,,1,玻璃事业部
拾喜400ML至臻铸银杯,ST01-2009,只,,396,玻璃事业部
拾喜360真空广告杯,ST01-1039,只,,41.8,真空事业部
拾喜360优优水壶,ST05-1077,只,,5.4,塑胶事业部
拾喜420优优水壶,ST05-1078,只,,5.8,塑胶事业部
拾喜中健悠品玻璃杯,ST06-1004,只,,11,玻璃事业部
拾喜350超炫真空杯3型,ST01-1041,只,,54,真空事业部
拾喜中精艺玻璃办公杯,ST06-2002,只,,16.8,玻璃事业部
拾喜280新茗派生态杯,BEST02-1035,只,,21.8,真空事业部
拾喜500E动3型,ST05-1021,只,,5.8,塑胶事业部
拾喜300优优水壶,ST05-1076,只,,5,塑胶事业部
拾喜500吸管太空杯,ST05-1080,只,,13.8,塑胶事业部
拾喜220健泡杯2型,ST05-1056,只,,9,塑胶事业部
拾喜400两指杯,ST05-1069,只,,4.3,塑胶事业部
拾喜多彩4件套,ST05-3010,只,,26.8,玻璃事业部
拾喜中欣艺玻璃杯,ST06-1010,只,,11.8,玻璃事业部
拾喜800精品太空杯2型,BEST05-1033,只,,6.2,塑胶事业部
拾喜高口瓷杯,,只,,200,真空事业部
拾喜650E动6型太空杯,BEST05-1080,只,,8.6,塑胶事业部
健牌异形中号玻璃办公杯,705B-320,件(20只),,19.9,玻璃事业部
健牌3型中号玻璃口杯,703-280,件(40只),,8.8,玻璃事业部
健牌3型大号玻璃口杯,703-320,件(30只),,9.8,玻璃事业部
B0331杯盖体(主体加旋塞),,只,,0.7,塑胶事业部
壶颈,,只,,3,塑胶事业部
DRZH1501电热壶壶颈,,只,,2.5,塑胶事业部
1.0旅行壶开关,,只,,2.7,塑胶事业部
1.0旅行壶盖把手,,只,,0.09,塑胶事业部
1.0旅行壶圆柱销,,只,,0.4,塑胶事业部
顶杆,,只,,0.15,塑胶事业部
DRZH1501电热壶连接螺纹圈,,只,,0.2,塑胶事业部
底座上壳,,只,,9.8,塑胶事业部
底座下壳,,只,,5.8,塑胶事业部
衬盖底座,,只,,1.5,塑胶事业部
1.0L旅行壶内碗,,只,,0.66,塑胶事业部
手柄螺丝盖,,只,,0.12,塑胶事业部
手提绳,,只,,0.2,塑胶事业部
直径33铝标,,只,,0.8,塑胶事业部
隔板,,只,,0.12,塑胶事业部
底座,,只,,10.6,塑胶事业部
底座下盖,,只,,8,塑胶事业部
壶体垫片,,只,,0.85,塑胶事业部
活塞密封圈,,只,,0.25,塑胶事业部
活塞杆密封圈,,只,,0.01,塑胶事业部
壶盖密封圈,,只,,0.9,塑胶事业部
壶颈密封圈,,只,,0.36,塑胶事业部
按钮,,只,,0.16,塑胶事业部
通气管,,只,,0.32,塑胶事业部
活塞弹簧,,只,,0.4,塑胶事业部
推杆弹簧,,只,,0.38,塑胶事业部
翻盖弹簧,,只,,0.57,塑胶事业部
2*21.5销钉,,只,,0.12,塑胶事业部
活塞,,只,,0.5,塑胶事业部
B0288玻璃杯盖密封圈,,只,,0.25,塑胶事业部
B0288玻璃杯塑料上盖,,只,,0.7,塑胶事业部
WB0358玻璃杯塑料上盖,,只,,0.8,塑胶事业部
WB0358玻璃杯密封圈,,只,,0.25,塑胶事业部
顶盖,,只,,1.6,塑胶事业部
B0368玻璃杯密封圈,,只,,0.25,塑胶事业部
B0368玻璃杯塑料上盖,,只,,0.7,塑胶事业部
P0351警壶底座,,只,,0.84,塑胶事业部
350子弹头杯盖,,只,,0.65,塑胶事业部
P0351警壶拉杆,,只,,0.3,塑胶事业部
DRZH1501A电热壶底托板,,只,,0.6,塑胶事业部
P0351警壶滑杆密封圈,,只,,0.08,塑胶事业部
B0331顶盖,,只,,0.6,塑胶事业部
P0351警壶滑杆,,只,,0.32,塑胶事业部
DRZH1501电热壶活塞卡圈,,只,,0.1,塑胶事业部
齿轮,,只,,0.46,塑胶事业部
大力德尔口杯衬盖,,只,,0.7,塑胶事业部
大精致盖圈,,只,,0.25,塑胶事业部
B04013杯底体,,只,,1.3,塑胶事业部
750子弹头杯盖,,只,,0.84,塑胶事业部
DRZH1501A电热壶瓶盖底座,,只,,1.1,塑胶事业部
DRZH1501A电热壶0.6*88*6*22弹簧,,只,,0.1,塑胶事业部
DRZH1501A电热壶13.5*7.5活塞垫片,,只,,0.15,塑胶事业部
DRZH1501A电热壶9*2活塞密封圈,,只,,0.1,塑胶事业部
DRZH1501A电热壶瓶盖活塞,,只,,0.2,塑胶事业部
DRZH1501A电热壶活塞挡水阀,,只,,0.1,塑胶事业部
活塞卡片,,只,,0.1,塑胶事业部
DRZH1501A电热壶0.4*5.9*12*28.4弹簧,,只,,0.1,塑胶事业部
DRZH1501A电热壶瓶盖推杆,,只,,0.2,塑胶事业部
DRZH1501A电热壶推杆密封圈,,只,,0.15,塑胶事业部
DRZH1501A电热壶瓶盖外盖,,只,,0.8,塑胶事业部
DRZH1501A电热壶底盖,,只,,1.5,塑胶事业部
DRZH1501A电热壶固定块,,只,,0.1,塑胶事业部
DRZH1501A电热壶瓶盖O型圈,,只,,0.15,塑胶事业部
DRZH1501A电热壶底体推杆,,只,,0.1,塑胶事业部
周转箱,,只,,22.8,塑胶事业部
P0351警壶面盖,,只,,0.55,塑胶事业部
推杆,,只,,0.35,塑胶事业部
DRZH1501A电热壶开关盖,,只,,0.2,塑胶事业部
DRZH1501A电热壶开关固定座,,只,,0.2,塑胶事业部
DRZH1501A电热壶开关推杆,,只,,0.15,塑胶事业部
DRZH1501A电热壶开关密封圈9*2,,只,,0.1,塑胶事业部
DRZH1501A电热壶垫片15.6*7.5*0.5,,只,,0.15,塑胶事业部
DRZH1501A电热壶壶颈圈,,只,,0.5,塑胶事业部
400生态办公杯手柄电镀件,,只,,0.6,真空事业部
1.5L旅行壶壶带,,只,,0.65,真空事业部
1.5L旅行壶壶底,,只,,1.21,真空事业部
1.5L旅行壶内盖,,只,,0.83,真空事业部
壶盖底座,,只,,4.5,塑胶事业部
1.5L旅行壶上节,,只,,0.15,真空事业部
1.5L旅行壶下节,,只,,0.15,真空事业部
1.5L旅行壶开关,,只,,4.4,真空事业部
1.5L旅行壶圆柱销,,只,,0.4,真空事业部
1.5L旅行壶壶颈,,只,,1.32,真空事业部
1.5L旅行壶手柄,,只,,2.37,真空事业部
1.5L旅行壶外盖,,只,,1.75,真空事业部
DRZH1501A电热壶连接件,,只,,0.65,塑胶事业部
DRZH1501A电热壶连接螺纹,,只,,0.6,塑胶事业部
DRZH1501A电热壶上盖,,只,,0.8,塑胶事业部
装饰环,,只,,0.9,塑胶事业部
B03013杯盖,,只,,1.3,塑胶事业部
B03013杯底体,,只,,1.1,塑胶事业部
400生态办公杯手柄,,只,,0.58,真空事业部
DRZH1501A电热壶底座体盖,,只,,1.6,塑胶事业部
1.0旅行壶瓶盖,,只,,1.62,塑胶事业部
1.0旅行壶内盖,,只,,0.74,塑胶事业部
1.0旅行壶瓶颈,,只,,1.21,塑胶事业部
1.0旅行壶上部手柄关节,,只,,0.15,塑胶事业部
1.0旅行壶手柄（含软垫）,,只,,2.32,塑胶事业部
1.0旅行壶下部手柄关节,,只,,0.15,塑胶事业部
翻盖,,只,,0.18,塑胶事业部
1.0旅行壶瓶底,,只,,1.07,塑胶事业部
1.0旅行壶圆插销,,只,,0.14,塑胶事业部
1.0旅行壶背带（整套）,,只,,0.73,塑胶事业部
1.8旅行壶手柄,,只,,2.37,塑胶事业部
1.8旅行壶上部手柄关节,,只,,0.15,塑胶事业部
1.8旅行壶下部手柄关节,,只,,0.15,塑胶事业部
1.5旅行壶手柄关节,,只,,0.15,塑胶事业部
B04013底托,,只,,1.3,塑胶事业部
DRZH1501电热壶瓶颈连接螺纹圈,,只,,0.2,塑胶事业部
DRZH1501电热壶底座,,只,,3.88,塑胶事业部
富光精品运动壶400ml,FGA101-400-1型,件(48只),390×260×485,5.2,塑胶事业部
450ML精品太空杯5型,FGA128-450,件(48只),,5.9,塑胶事业部
咔咔水杯（260）,FGA126-260,件(48只),,6.2,塑胶事业部
咔咔水杯（330）,FGA126-330,件(48只),,6.2,塑胶事业部
咔咔水杯（340）,FGA126-340,件(48只),,6.2,塑胶事业部
咔咔水杯（350）,FGA126-350,件(48只),,6.2,塑胶事业部
咔咔水杯（370）,FGA126-370,件(48只),,6.2,塑胶事业部
咔咔水杯（450）,FGA126-450,件(48只),,6.2,塑胶事业部
富光精品运动壶2000ML,,件(30只),,11.8,塑胶事业部
富光精品运动壶2600ML,,件(30只),,13.8,塑胶事业部
600ML精品太空杯5型,FGA128-600,件(48只),,7.9,塑胶事业部
富光精品运动壶500ml,FGA101-500-1型,件(48只),390×260×420,5.8,塑胶事业部
800ML精品太空杯5型,FGA128-800,件(48只),,8.9,塑胶事业部
600ml精品高盖2型太空杯,FGA137-600,件(48只),,10.6,塑胶事业部
500ml精品高盖2型太空杯,FGA137-500,件(48只),,9.6,塑胶事业部
500ml精品高盖太空杯,FGA103-500,件(40只),,10.8,塑胶事业部
600ML精品高盖太空杯,FGA103-600,件(40只),,11.8,塑胶事业部
1000ML精品太空杯5型,FGA128-1000,件(48只),,9.6,塑胶事业部
富光精品运动壶2000ML,FGA101-2000,件(30只),,11.8,塑胶事业部
富光精品运动壶2600ML,FGA101-2600,件(30只),,13.8,塑胶事业部
450运动壶3型,FGA138-450,件(48只),,4.8,塑胶事业部
550运动壶3型,FGA138-550,件(48只),,5.4,塑胶事业部
富光精品太空杯500ml-2,FGA109-500,件(48只),,5.2,塑胶事业部
650运动壶3型,FGA138-650,件(48只),,5.8,塑胶事业部
260ml咔咔儿童壶,FPH111-260,件(48只),,8.6,塑胶事业部
330ml咔咔儿童壶,FPH111-330,件(48只),,8.6,塑胶事业部
370ml咔咔儿童壶,FPH111-370,件(48只),,8.6,塑胶事业部
450ml咔咔儿童壶,FPH111-450,件(48只),,8.6,塑胶事业部
480ml咔咔水杯3型,FHP115-480,件(48只),,7.5,塑胶事业部
富光逸品功夫杯260ML,FHP113-260,件(20只),,39.8,塑胶事业部
富光精品太空杯650ml-2,FGA109-650,件(48只),,5.8,塑胶事业部
富光精品运动壶800ml,FGA101-800-1型,件(48只),,7.6,塑胶事业部
富光精品太空杯800ml-2,FGA109-800,件(48只),,6.8,塑胶事业部
富光精品运动壶1000ml,FGA101-1000-1型,件(48只),,8.6,塑胶事业部
富光精品运动壶1500ml,FGA101-1500,件(30只),,9.6,塑胶事业部
350ML精品太空杯5型,FGA128-350,件(48只),,5.6,塑胶事业部
65杯盖,,只,,10,*
办公杯底托,,只,,1,塑胶事业部
360水晶杯外壳,,只,,88,真空事业部
注塑杯,,只,,25,塑胶事业部
直径71大泡杯（无盖）,,只,,12,塑胶事业部
大泡杯连接体,,只,,3,塑胶事业部
差价,,只,,1,塑胶事业部
直径71银杯壳,,只,,22,塑胶事业部
300至臻杯壳,,只,,136,真空事业部
71杯盖,,只,,10,塑胶事业部
直径71杯体,,只,,12,塑胶事业部
办公杯外壳,,只,,18,塑胶事业部
320至臻办公杯外壳,,只,,166,塑胶事业部
注银办公杯,,只,,25,塑胶事业部
480水晶办公杯外壳,,只,,96,真空事业部
直径65杯体(无盖),,只,,10,塑胶事业部
办公杯盖,,只,,5,塑胶事业部
360水晶杯盖,,只,,10,塑胶事业部
办公杯壳体,,只,,10,塑胶事业部
300至臻杯盖,,只,,20,真空事业部
大号杯盖,,只,,4,真空事业部
中泡杯 (无标),,只,,11,塑胶事业部
350至臻杯壳,,只,,136,*
Φ65银杯壳,,件(40只),,20,*
银办公杯（加工费）,,只,,25,*
塑玻底托,,只,,1.5,塑胶事业部
460至臻杯壳,,只,,166,塑胶事业部
注银口杯加工费,,只,,25,塑胶事业部
吸管(8*210MM),,只,,0.2,塑胶事业部
700ml杯加工费,,只,,6.25,塑胶事业部
2000ml翻盖杯配368C盖/底托,,只,,1.73,塑胶事业部
2000ml翻盖杯配364C盖/底托,,只,,1.73,塑胶事业部
600ml弹跳盖杯,,只,,1.59,塑胶事业部
1000ML动感盖,,只,,1.4,塑胶事业部
1000ML翻盖杯配165C盖/底,,只,,1.4,塑胶事业部
1000ML翻盖杯配810色盖/底,,只,,1.4,塑胶事业部
2000ML梅花盖165C,,只,,0.25,塑胶事业部
2000ML梅花底托165C,,只,,0.16,塑胶事业部
中号多功能泡杯体配磨砂盖,,只,,2.1,塑胶事业部
中号连接体,,只,,0.4,塑胶事业部
1000ml翻盖杯,,只,,13897,塑胶事业部
350直桶杯配E动盖,,只,,1.12,塑胶事业部
500直桶杯配E动盖,,只,,1.22,塑胶事业部
650直桶杯配E动盖,,只,,1.32,塑胶事业部
1000ML大口PP杯配动感盖,,只,,8.5,塑胶事业部
纳尔金塑料杯,,只,,10,塑胶事业部
纳尔金不锈钢杯,,只,,20,真空事业部
纳尔金单层玻璃杯,,只,,16.8,玻璃事业部
纳尔金双层玻璃杯,,只,,19.8,玻璃事业部
PG420塑玻杯,,只,,4,塑胶事业部
PP杯盖,,只,,2.15,塑胶事业部
700ml喷漆杯加工费,,只,,7.65,塑胶事业部
750ml塑料方杯,,只,,8.95,塑胶事业部
750ml不锈钢方杯,,只,,26,真空事业部
750ml不锈钢圆杯,,只,,20.6,真空事业部
750ml塑料圆杯,,只,,8.95,塑胶事业部
750ml塑料扁杯,,只,,9.35,塑胶事业部
650ml悠乐太空杯,,只,,8.1,塑胶事业部
680ml单层不锈钢杯,,只,,23,真空事业部
瓣膜瓶,,只,,1.3,真空事业部
纳尔金0型小圈,,只,,0.1,真空事业部
纳尔金0型大圈,,只,,0.15,真空事业部
500ml杯加工费,,只,,6.1,塑胶事业部
条码,,只,,0.06,塑胶事业部
小勺,,只,,0.26,塑胶事业部
1000ml翻盖杯配红盖/底托,,只,,1.3,塑胶事业部
2000ml368C色梅花盖,,只,,0.25,塑胶事业部
2000ml红色梅花盖,,只,,0.25,塑胶事业部
1000ml凹槽杯加工费,,只,,3.9,塑胶事业部
1000塑料杯动感1型,,只,,9.18,塑胶事业部
2800ML动感铝盖,,件(30只),,15.9,塑胶事业部
吸嘴,,只,,0.4,塑胶事业部
NATHAN标杯盖（无吸嘴）,,只,,2.4,塑胶事业部
500儿童水壶,,只,,50,塑胶事业部
无标杯盖（无吸嘴）,,只,,2.8,塑胶事业部
1000ml 空瓶,,只,,1,塑胶事业部
1000ml盖子165C,,只,,1,塑胶事业部
1000ml盖子,,只,,0.2,塑胶事业部
1000ml底托165C,,只,,1,塑胶事业部
2000ml底托165C,,只,,0.14,塑胶事业部
1000ml吸管,,只,,0.12,塑胶事业部
1000ml底托,,只,,0.14,塑胶事业部
600ml太空杯,,只,,0.88,塑胶事业部
NATHAN杯盖,,只,,3.3,塑胶事业部
500ml长雨点太空杯,,只,,0.64,塑胶事业部
2000ml吸管,,只,,0.12,塑胶事业部
650ml长雨点太空杯,,只,,0.69,塑胶事业部
800ml长雨点太空杯,,只,,0.78,塑胶事业部
200ML二型运动壶,,只,,0.37,塑胶事业部
300ML二型运动壶,,只,,0.44,塑胶事业部
400ML二型运动壶,,只,,0.49,塑胶事业部
订制双层玻璃口杯,,只,,2.4,玻璃事业部
1000ml汽车杯,,只,,1.1,塑胶事业部
2000减轻动感杯,,只,,9.1,塑胶事业部
PG280塑玻办公杯,,只,,4.5,塑胶事业部
22OZ  PE瓶,,只,,4.6,塑胶事业部
盖子,,只,,0.1,塑胶事业部
1000ml大口配2000ml动感盖,,只,,8.45,塑胶事业部
1000ml新款杯,,只,,1.2,塑胶事业部
1500ml新款杯,,只,,1.35,塑胶事业部
2000ml年威新款杯,,只,,1.7,塑胶事业部
7OZ PE 瓶,,只,,1.6,塑胶事业部
500长雨点杯,,只,,4.3,塑胶事业部
10 OZ PE瓶,,只,,2.1,塑胶事业部
新材料动感1000ml太空杯1型,,只,,1.22,塑胶事业部
500ml数字盖杯,,只,,1,塑胶事业部
1000ml数字盖杯,,只,,1.3,塑胶事业部
700杯,,只,,6.25,塑胶事业部
2000ml翻盖杯,,只,,1.72,塑胶事业部
1000ml翻盖瓶身（新材料）,,只,,1.2,塑胶事业部
2000ml盖子,,只,,1.2,塑胶事业部
油墨,,只,,30,塑胶事业部
吸管套装,,只,,1.7,塑胶事业部
PE瓶套装7 OZ,,只,,1.6,塑胶事业部
喷漆加工费,,只,,1.4,塑胶事业部
1000ml翻盖光杯身（有印刷）,,只,,0.81,塑胶事业部
2000ml空瓶,,只,,1.22,塑胶事业部
1000ml弹跳盖圆形镶块杯配165C盖,,只,,2.3,塑胶事业部
塑料连接体,,只,,1.47,塑胶事业部
450ml时尚杯,,只,,5.8,塑胶事业部
2000ml新吸嘴杯,,只,,11.36,塑胶事业部
600ml翻盖杯,,只,,0.89,塑胶事业部
800ml翻盖杯,,只,,1.05,塑胶事业部
2000ml瓶身,,只,,1.22,塑胶事业部
1000ml弹跳盖,,只,,0.46,塑胶事业部
600ml弹跳盖,,只,,0.32,塑胶事业部
2000ml硅胶垫圈,,只,,0.02,塑胶事业部
1000ml喷漆杯加工费,,只,,8.6,塑胶事业部
600ml汽车杯,,只,,0.9,塑胶事业部
7OZ瓣膜PE瓶,,只,,2.3,塑胶事业部
PE杯盖(无吸嘴),,只,,0.3,塑胶事业部
PG260塑玻杯,,只,,3.28,塑胶事业部
PG260连接体,,只,,0,塑胶事业部
PG260内盒,,只,,0,塑胶事业部
吸嘴盖(无吸嘴),,只,,0.3,塑胶事业部
10OZ无标PE瓶体,,只,,10000,塑胶事业部
鸟巢翻耳盖,,只,,93000,塑胶事业部
22OZ无标PE瓶体,,只,,10000,塑胶事业部
2000底托,,只,,0.16,塑胶事业部
塑料口哨,,只,,0.5,塑胶事业部
7OZ吸嘴PE瓶,,只,,2.8,塑胶事业部
客户开模直桶杯配E动盖350ml,,只,,1.12,塑胶事业部
客户开模直桶杯配E动盖500ml,,只,,1.22,塑胶事业部
客户开模直桶杯配E动盖650ml,,只,,1.32,塑胶事业部
2000镶块圆形杯,,只,,2.74,塑胶事业部
1000镶块圆形杯,,只,,2.3,塑胶事业部
600自行车瓶配弹盖,,只,,1.59,塑胶事业部
600底托,,只,,0.14,塑胶事业部
稀释剂,,公斤,,4.55,塑胶事业部
8OZ瓶,,只,,1.6,塑胶事业部
500ml纳尔金杯,,只,,10,塑胶事业部
瓣膜盖,,只,,0.3,塑胶事业部
年威1000ml 杯,,只,,1.2,塑胶事业部
年威2000ml 杯,,只,,1.64,塑胶事业部
1000ml翻盖杯配802C盖/底托,,只,,1.29,塑胶事业部
1000ml翻盖杯配兰色盖/底托,,只,,1.29,塑胶事业部
2000ml翻盖杯配165C盖/底托,,只,,1.73,塑胶事业部
2000ml梅花盖368C,,只,,0.25,塑胶事业部
500ml动感盖,,只,,0.77,塑胶事业部
年威600ml杯,,只,,6.909,塑胶事业部
750ml悠然太空杯,,只,,2.4,塑胶事业部
封口器,,只,,0.28,塑胶事业部
茶马仕1000汽车杯,,只,,9.6,塑胶事业部
茶马仕1000杯,,只,,8.8,塑胶事业部
260塑瓷泡茶师,,只,,68,塑胶事业部
玲珑太空杯,,只,,5.8,塑胶事业部
800悠乐冰爽夏日,,只,,7.2,塑胶事业部
500悠乐冰爽夏日,,只,,6.2,塑胶事业部
280ml生态瓷胆泡茶师2型,,只,,66,塑胶事业部
240生态泡茶师,,只,,60,真空事业部
处理玻璃口杯,,只,,5,玻璃事业部
260ML纳米功能杯,,件(20只),,22,真空事业部
360ML纳米功能杯,,件(20只),,25,真空事业部
280ML多功能滤叶杯,,件(20只),,25,真空事业部
380ML多功能滤叶杯,,件(20只),,25,真空事业部
处理400ML(2+2)真空办公杯,,件(16只),,22,真空事业部
BJ-403型双层不锈钢杯,,件(20只),,18,真空事业部
420ML真空办公杯,,件(16只),,22,真空事业部
260ML健牌保温杯,,件(30只),,14,真空事业部
450ML健牌保温杯,,件(30只),,14,真空事业部
处理220ML（2+2）真空杯,,件(20只),,20,真空事业部
处理玻璃办公杯,,只,,8,玻璃事业部
处理280ML（2+2）真空杯,,件(20只),,20,真空事业部
380休闲水杯(PP),FGA207-380,件(48只),,3.8,塑胶事业部
320休闲水杯(PP),FGA207-320,件(48只),,3.3,塑胶事业部
特价太空杯,FGA207-320,只,,10,塑胶事业部
300顺风不真空杯,BJ-263,件(20只),,14,真空事业部
BJ-480型不真空办公杯,BJ-480,件(16只),,16,真空事业部
处理茶马仕太空杯,,件(40只),,10,塑胶事业部
处理B型400ml太空杯,,件(48只),,5,塑胶事业部
处理A型600ml太空杯,,件(48只),,5,塑胶事业部
处理B型600ml太空杯,,件(48只),,5,塑胶事业部
处理360(2+2)真空办公杯,,只,,15,真空事业部
处理力德尔真空杯,,件(20只),,10,真空事业部
BJ-402型E动420不真空杯,,件(30只),,13,真空事业部
处理350ML力德尔子弹头杯,,只,,15,真空事业部
处理500ML力德尔子弹头杯,,只,,15,真空事业部
处理康姆恒杯,,只,,20,真空事业部
处理太空杯,,只,,5,塑胶事业部
处理紫砂套装,,套,,40,真空事业部
500ML真空杯,BJ-500,件(30只),,14,真空事业部
600ML真空杯,BJ-600,件(30只),,14,真空事业部
处理卓尔真空杯4型,,只,,15,真空事业部
处理480(2+2)真空办公杯,,只,,15,真空事业部
处理卓尔真空办公杯,,只,,25,真空事业部
处理生态杯,,只,,5,真空事业部
处理木鱼石杯,,只,,5,真空事业部
处理不锈钢杯,,只,,15,真空事业部
BJ-362型不真空杯,,件(20只),,14,真空事业部
BJ-401型不真空杯,,件(20只),,14,真空事业部
处理双层保温子弹头4型,,件(30只),,14,真空事业部
680休闲水杯(PP),FGA223-680,件(48只),,5.8,塑胶事业部
处理420力德尔真空办公杯,,只,,15,真空事业部
处理280PU发泡杯,,只,,10,真空事业部
处理350(2+2)真空杯,,只,,15,真空事业部
处理360ML金三河真空杯,,只,,10,真空事业部
360不真空泡茶师,,件(20只),,28,真空事业部
恒远中号新世纪口杯,,件(40只),,10.6,塑胶事业部
恒远大号新世纪口杯,,件(40只),,12.6,塑胶事业部
恒远小号新世纪口杯,,件(40只),,7.8,塑胶事业部
振兴新世纪500ML太空杯,SB3001,件(48只),,4.2,塑胶事业部
振兴动感650ML太空杯,SBM3017,件(48只),,5.6,塑胶事业部
振兴动感800ML太空杯,SBM3015,件(48只),,6,塑胶事业部
振兴动感1000ML太空杯,SBM3018,件(48只),,7,塑胶事业部
振兴300ML运动壶,SBM4525,件(48只),,3.6,塑胶事业部
振兴500ML运动壶,SBM4526,件(48只),,4.4,塑胶事业部
振兴600ML运动壶,SBM4527,件(48只),,5,塑胶事业部
振兴800ML运动壶,SBM4528,件(48只),,6,塑胶事业部
振兴1000ML运动壶,SBM4529,件(48只),,7,塑胶事业部
振兴500ML帽盖动感杯,SBM4534,件(48只),,5.1,塑胶事业部
振兴650ML帽盖动感杯,SBM4535,件(48只),,5.7,塑胶事业部
振兴新世纪650ML太空杯,SB3002,件(48只),,4.8,塑胶事业部
振兴800ML帽盖动感杯,SBM4536,件(48只),,6.1,塑胶事业部
振兴1000ML帽盖动感杯,SBM4537,件(48只),,7.1,塑胶事业部
振兴E代500ML太空杯,SB870A,件(48只),,4.4,塑胶事业部
振兴E代500ML太空杯,SB870B,件(48只),,4.4,塑胶事业部
振兴E代650ML太空杯,SB871A,件(48只),,5,塑胶事业部
振兴E代450ML太空杯,SB871B,件(48只),,4.4,塑胶事业部
振兴E代800ML太空杯,SB872A,件(48只),,5.8,塑胶事业部
振兴E代800ML太空杯,SB872B,件(48只),,5.8,塑胶事业部
振兴600ML太空杯,SB878,件(48只),,5,塑胶事业部
振兴400ML太空杯,SB882,件(48只),,3.9,塑胶事业部
振兴新世纪800ML太空杯,SB3003,件(48只),,6,塑胶事业部
振兴600ML太空杯,SB883,件(48只),,4.6,塑胶事业部
振兴600ML足球杯,SBM4546,件(48只),,5.2,塑胶事业部
振兴600ML网球杯,SBM4547,件(48只),,5.2,塑胶事业部
振兴600ML动力太空杯,SBM4548,件(48只),,6.2,塑胶事业部
振兴1000ML动力太空杯,SBM4549,件(48只),,9,塑胶事业部
振兴2000ML动力太空杯,SBM4550,件(30只),,13.6,塑胶事业部
振兴E动500ML太空杯1型,SBM4551,件(48只),,6.8,塑胶事业部
振兴E动500ML太空杯2型,SBM4552,件(48只),,6.8,塑胶事业部
振兴420ML太空杯泡茶师,SBM4553,件(48只),,16.6,塑胶事业部
振兴580ML太空杯泡茶师,SBM4554,件(48只),,17.6,塑胶事业部
振兴新世纪1000ML太空杯,SB3004,件(48只),,7,塑胶事业部
振兴350ML精品太空杯5型,SBM3080,件(48只),,5.6,塑胶事业部
振兴450ML精品太空杯5型,SBM3081,件(48只),,5.9,塑胶事业部
振兴E代500ML太空杯,SB3005,件(48只),,4.4,塑胶事业部
振兴E代650ML太空杯,SB3006,件(48只),,5,塑胶事业部
振兴E代800ML太空杯,SB3007,件(48只),,5.8,塑胶事业部
振兴E代1000ML太空杯,SB3008,件(48只),,6.8,塑胶事业部
振兴动感500ML太空杯,SBM3016,件(48只),,5,塑胶事业部
Φ25.5轴套,,只,,0.1,塑胶事业部
M16*1.5螺纹堵,,只,,0.15,塑胶事业部
喷漆护套,,只,,0.35,塑胶事业部
Φ15长塑料轴套,,只,,0.1,塑胶事业部
M27*1.5螺纹轴套,,只,,0.15,塑胶事业部
Φ10塑料轴套,,只,,0.1,塑胶事业部
Φ34轴套,,只,,0.1,塑胶事业部
Φ27轴套,,只,,0.1,塑胶事业部
M16*1.5螺纹套,,只,,0.15,塑胶事业部
Φ6堵头,,只,,0.08,塑胶事业部
Φ9螺纹堵,,只,,0.15,塑胶事业部
M27*1.5堵头,,只,,0.08,塑胶事业部
Φ10塑料堵头,,只,,0.08,塑胶事业部
Φ12.5堵头,,只,,0.08,塑胶事业部
280ML瑞彩口杯1型,FGA210-280,件(40只),,17.8,塑胶事业部
320ML瑞彩口杯1型,FGA210-320,件(40只),,19.8,塑胶事业部
300ML瑞彩口杯2型,FGA211-300,件(40只),,14.6,塑胶事业部
350ML瑞彩口杯2型,FGA211-350,件(40只),,15.2,塑胶事业部
260ML瑞彩口杯3型,FGA212-260,件(40只),,14.6,塑胶事业部
360ML瑞彩办公杯3型,FGA212-360,件(20只),,21.6,塑胶事业部
320ML瑞彩口杯3型,FGA212-320,件(40只),,16.6,塑胶事业部
420ML瑞彩办公杯3型,FGA212-420,件(20只),,23.6,塑胶事业部
320ML圆点太空杯,FHP116-320,件(48只),,4.8,塑胶事业部
360mlQQ太空杯,FGA184-360,件(48只),,4.8,塑胶事业部
400ml豆蔻太空杯,FGA174-400,件(48只),,5.2,塑胶事业部
500ml豆蔻太空杯,FGA174-500,件(48只),,6,塑胶事业部
富光玻璃泡杯,G102-280,件(30只),,20.8,玻璃事业部
G1201-280,G1201-280,件(20只),,162,玻璃事业部
G1201-320B,G1201-320B,件(16只),,220,玻璃事业部
G116-280,G116-280,件(20只),,218,玻璃事业部
G116-320B,G116-320B,件(16只),,258,玻璃事业部
富光单层玻璃泡杯,G107-350,件(30只),,19.8,玻璃事业部
富光水晶玻璃泡杯,G105-280,件(30只),,26.8,玻璃事业部
富光五彩经典单层水晶玻璃杯,G112-380,件(16只),,68,玻璃事业部
富光玻璃经典水晶杯280ml,G108-280,件(20只),,98,玻璃事业部
富光水晶单层玻璃泡杯,G106-380,件(16只),,58,玻璃事业部
富光中水晶工艺玻璃泡杯,G103-280,件(20只),,36.8,玻璃事业部
富光中健牌水晶玻璃杯,705-280,件(30只),,19.8,玻璃事业部
富光双层玻璃水晶杯,G115-280,件(20只),,88,玻璃事业部
富光达人水壶500ml,FGA100--500型,件(48只),458×307×435,6.8,塑胶事业部
富光达人水壶650ml,FGA100--650型,件(48只),460×310×475,7.2,塑胶事业部
600ML悠然太空杯,FGA160-600,件(48只),,6.6,塑胶事业部
800ML悠然太空杯,FGA160-800,件(48只),,7.4,塑胶事业部
750ML悠然太空杯2型,FGA164-750,件(48只),,8.2,塑胶事业部
500ML炫动太空杯,FGA167-500,件(48只),,6,塑胶事业部
650ML炫动太空杯,FGA167-650,件(48只),,6.6,塑胶事业部
800ML炫动太空杯,FGA167-800,件(48只),,7.2,塑胶事业部
450ML明太空杯,FHP112-450,件(48只),,8.6,塑胶事业部
350MLV尚太空杯,FHP117-350,件(48只),,6.6,塑胶事业部
450MLV尚太空杯,FHP117-450,件(48只),,6.9,塑胶事业部
280ML逸致口杯4型,FGA220-280,件(40只),,15.8,塑胶事业部
320ML逸致口杯4型,FGA220-320,件(40只),,16.8,塑胶事业部
200ML炫丽口杯,FGA568-200,件(40只),,8,塑胶事业部
炫耀太空杯300ml,FGA102-300,件(48只),430×290×305,4,塑胶事业部
450炫耀太空杯3型,FGA163-450,件(48只),455×305×485,4.8,塑胶事业部
炫耀太空杯300mlB型,FGA102-300,件(48只),430×290×305,4,塑胶事业部
炫耀太空杯400ml,FGA102-400,件(48只),435×295×365,4.4,塑胶事业部
炫耀太空杯400mlB型,FGA102-400,件(48只),435×295×365,4.4,塑胶事业部
炫耀太空杯500ml,FGA102-500,件(48只),445×300×425,4.8,塑胶事业部
炫耀太空杯500mlB型,FGA102-500,件(48只),445×300×425,4.8,塑胶事业部
炫耀太空杯600ml,FGA102-600,件(48只),455×305×485,5.2,塑胶事业部
炫耀太空杯600mlB型,FGA102-600,件(48只),455×305×485,5.2,塑胶事业部
350炫耀太空杯3型,FGA163-350,件(48只),455×305×485,4.4,塑胶事业部
400优优太空杯一型,FGA104-400,件(48只),,4,塑胶事业部
400优优太空杯二型,,件(48只),,4.4,塑胶事业部
400优优太空杯三型,,件(48只),,4.4,塑胶事业部
学生壶600ml,FGA107-600型,件(30只),,8.4,塑胶事业部
学生壶800ml,FGA107-800型,件(30只),,9,塑胶事业部
学生壶600ml二型,FGA119-600,件(30只),,8.8,塑胶事业部
学生壶800ml二型,FGA119-800,件(30只),,9.6,塑胶事业部
富光背带水壶350ml,FGA169-350,件(48只),,6,塑胶事业部
富光背带水壶450ml,FGA169-450,件(48只),,6.4,塑胶事业部
富光背带水壶550ml,FGA169-550,件(48只),,6.8,塑胶事业部
富光酷影400ml太空杯3型,FGA166-400,件(48只),,5.2,塑胶事业部
富光酷影500ml太空杯3型,FGA166-500,件(48只),,5.8,塑胶事业部
燕尾太空杯500ml,FGA--1315,件(48只),425×285×455,5,塑胶事业部
燕尾太空杯650ml,FGA--1316,件(48只),440×300×495,5.6,塑胶事业部
燕尾太空杯800ml,FGA--1317,件(48只),465×315×525,6.1,塑胶事业部
燕尾太空杯1000ml,FGA--1318,件(48只),520×350×535,7,塑胶事业部
1000ml燕尾铝盖太空杯,,件(48只),,8,塑胶事业部
燕尾500ML[2型]太空杯,FGA111-500,件(48只),,4.6,塑胶事业部
燕尾650ML[2型]太空杯,FGA111-650,件(48只),,5.2,塑胶事业部
E动500太空杯2型,FGA--1342,件(48只),420×280×430,6.8,塑胶事业部
E动600ML太空杯1型,FGA129-600,件(48只),490×330×520,7.5,塑胶事业部
500MLE动6型,FGA115-500-6,件(48只),490×330×520,6,塑胶事业部
650MLE动6型,FGA115-650-6,件(48只),490×330×520,6.6,塑胶事业部
800MLE动6型,FGA115-800-6,件(48只),490×330×520,7.2,塑胶事业部
E动500太空杯3型,FGA108-500,件(48只),,6,塑胶事业部
E动600太空杯3型,FGA108-600,件(48只),,6.2,塑胶事业部
E动800太空杯3型,FGA108-800,件(48只),,6.8,塑胶事业部
E动500太空杯5型,FGA120-500,件(48只),490×330×420,6.2,塑胶事业部
E动600太空杯5型,FGA120-600,件(48只),490×330×460,6.8,塑胶事业部
E动800太空杯5型,FGA120-800,件(48只),490×330×520,7.4,塑胶事业部
E动400ML太空杯1型,FGA129-400,件(48只),490×330×520,6.5,塑胶事业部
E动520ML太空杯1型,FGA129-520,件(48只),490×330×520,7,塑胶事业部
320塑紫杯,FGA309-320,件(30只),,42.8,塑胶事业部
320健牌炫动口杯,FGT001-320,件(40只),,11.8,塑胶事业部
320塑紫杯5型,,只,,50,塑胶事业部
220ML健牌炫动口杯,FGT001-220,件(40只),,10.8,塑胶事业部
420ML健牌炫动口杯,FGT001-420,件(40只),,12.8,塑胶事业部
新世纪滤叶太空杯500ml,FGA--J1102,件(48只),440×290×360,4.2,塑胶事业部
新世纪滤叶太空杯650ml,FGA--J1103,件(48只),490×325×365,4.8,塑胶事业部
新世纪滤叶太空杯800ml,FGA--J1104,件(48只),525×350×395,6,塑胶事业部
新世纪滤叶太空杯1000ml,FGA--J1105,件(48只),560×370×420,7,塑胶事业部
新世纪滤叶太空杯1500ml,FGA--J1101,件(48只),630×420×510,9,塑胶事业部
富光(pc)泡茶师260ml 2型,FGF-736,件(40只),530×330×205,28,塑胶事业部
富光(pc)泡茶师220ml  1型,FGF-735,件(40只),530×330×205,24,塑胶事业部
富光(pc)泡茶师340ml  1型,FGF-734,件(40只),530×330×205,28,塑胶事业部
260塑玻泡茶师,,只,,68,塑胶事业部
E动口杯320ml  1型,FGF-740,件(40只),550×345×205,17,塑胶事业部
E动口杯320ml  2型,FGF-758,件(40只),550×345×205,17,塑胶事业部
E动口杯400ml  1型,FGF-741,件(40只),550×345×240,20,塑胶事业部
E动口杯400ml  2型,FGF-759,件(40只),550×345×240,20,塑胶事业部
E动口杯280ml  3型,FGA204-280,件(40只),608×388×186,15.2,塑胶事业部
E动口杯320ml  3型,FGA204-320,件(40只),604×385×206,16.6,塑胶事业部
220ml欣瑞口杯1型,FGF-755,件(40只),490×310×185,11.2,塑胶事业部
280ml欣瑞口杯3型,FGA202-280,件(40只),575×365×210,19.8,塑胶事业部
360ml欣瑞办公杯 3型,FGA202B-360,件(30只),600×495×185,22.8,塑胶事业部
欣锐3型-230ML口杯,FGA202-230,件(40只),,22.6,塑胶事业部
欣锐3型-300ML口杯,FGA202-300,件(40只),625×395×190,26,塑胶事业部
320欣瑞真空杯,FGL-3145,件(20只),625×395×190,28,真空事业部
420欣瑞真空杯,FGL-3146,件(20只),625×395×190,30,真空事业部
220ml欣瑞口杯 2型,FGF-757,件(40只),490×310×185,14.6,塑胶事业部
220ml 欣瑞口杯3型,FGA202-220,件(40只),575×365×185,16.8,塑胶事业部
320ml欣瑞口杯 1型,FGF-754,件(40只),533×335×191,13.2,塑胶事业部
320ml欣瑞口杯2型,FGF-756,件(40只),533×335×197,18.6,塑胶事业部
420ml欣瑞口杯1型,FGF-760,件(40只),560×370×220,16.8,塑胶事业部
420ml 欣瑞口杯2型,FGF-761,件(40只),560×370×220,22.8,塑胶事业部
240ml欣瑞口杯 3型,FGA202-240,件(40只),610×385×160,16.6,塑胶事业部
260ml欣瑞口杯 3型,FGA202-260,件(40只),625×395×190,18.6,塑胶事业部
塑瓷口杯180ml,FGk-2023,件(20只),,120,塑胶事业部
塑瓷口杯260ml,FGk-2024,件(20只),520×430×250,120,塑胶事业部
塑瓷口杯400ml,FGk-2025,件(12只),536×376×251,120,塑胶事业部
塑瓷办公杯300ml,FGk-2026,件(16只),575×380×225,120,塑胶事业部
精品塑瓷表杯260ml,FGk-2042,件(20只),,136,塑胶事业部
280双层骨瓷杯,FGH-2011,只,,120,塑胶事业部
中塑瓷二型口杯,,只,,42,塑胶事业部
拾喜240塑瓷泡茶师,,只,,68,塑胶事业部
精品陶瓷杯,,套,,48,塑胶事业部
真空银杯,FGN--2004,件(10只),470×305×255,1380,真空事业部
至臻真空银杯,FGN-2016,件(10只),470×305×255,1760,真空事业部
纯银离子杯,FGN--2001,件(10只),470×305×245,1380,塑胶事业部
中号水晶真空银杯,FGN--2009,件(10只),470×305×255,1580,真空事业部
中纯银离子办公杯,FGN--2003,件(10只),525×360×215,960,塑胶事业部
大纯银滤叶杯,FGN--2012,件(10只),505×305×245,860,塑胶事业部
中纯银滤叶杯,FGN--2011,件(10只),470×305×245,680,塑胶事业部
420水晶真空银办公杯,FGN--2014,件(10只),525×360×220,1680,真空事业部
小号水晶真空银杯,FGN--2013,件(10只),470×305×255,1480,真空事业部
至臻真空银办公杯,FGN-2018,件(10只),470×305×255,1880,真空事业部
双层书卷紫砂滤叶杯,FGK--2000,件(10只),420×260×240,78,塑胶事业部
双层精品紫砂办公杯,FGK-2006,只,,78,真空事业部
双层竹节紫砂滤叶杯,FGK--2000,件(10只),420×260×240,78,塑胶事业部
双层紫砂办公杯,FGK--2003,件(10只),435×315×240,78,塑胶事业部
精品紫砂套装,FGK--2005,件(8只),460×400×246,128,塑胶事业部
紫砂套装3件套,FGK--2002,件(6只),632×363×240,220,塑胶事业部
280紫砂生态杯,FGA306-280,件(30只),,18.8,塑胶事业部
400紫砂生态办公杯,FGA306-400,件(18只),,22.8,塑胶事业部
高口生态紫砂杯,,只,,42.5,真空事业部
紫砂泡壶提篮,,只,,380,真空事业部
小炫彩杯,FGL--3057,件(40只),470×295×165,20.8,塑胶事业部
中炫彩杯,FGL--3056,件(40只),535×335×180,22.8,塑胶事业部
大炫彩杯,FGL--3055,件(40只),579×363×205,24.8,塑胶事业部
小至尊杯,FGL--3062,件(20只),335×305×200,22,塑胶事业部
中至尊杯,FGL--3064,件(20只),400×335×222,25.8,塑胶事业部
大至尊杯,FGL--3063,件(20只),405×370×240,27.6,塑胶事业部
3A新世纪特号杯,,件(30只),585×485×260,16.6,塑胶事业部
3A新世纪小号杯,,件(40只),,7.2,塑胶事业部
3A新世纪中号杯,,件(40只),,9,塑胶事业部
3A中口杯,,件(40只),,11.2,塑胶事业部
3A小口杯,,件(40只),,7,塑胶事业部
3A新世纪大号杯,,件(40只),,12.2,塑胶事业部
二代健新潮180,FGJ--180,件(40只),460×290×170,6.2,塑胶事业部
二代健新潮260,FGJ--260,件(40只),510×320×180,7.6,塑胶事业部
二代健新潮380,FGJ--380,件(40只),570×360×195,8.8,塑胶事业部
二代健新潮520,FGJ--520,件(40只),610×385×215,11,塑胶事业部
E代太空杯500ml,FGA--1106,件(48只),460×310×358,4.4,塑胶事业部
E代太空杯650ml,FGA--1107,件(48只),515×345×378,5,塑胶事业部
E代太空杯800ml,FGA--1108,件(48只),515×354×428,5.8,塑胶事业部
E代太空杯1000ml,FGA--1109,件(48只),575×387×450,6.8,塑胶事业部
E代太空杯1500ml,FGA--1110,件(48只),670×445×490,9,塑胶事业部
E代500幻彩,FGA--1106,件(48只),670×445×490,4.4,塑胶事业部
E代水壶700ML,FGA168-700,件(48只),670×445×490,6.4,塑胶事业部
E代水壶900ML,FGA168-900,件(48只),670×445×490,6.8,塑胶事业部
三代健新潮240,FGJ--8321,件(40只),500×305×185,5.8,塑胶事业部
三代健新潮320,FGJ--8320,件(40只),535×340×200,6.9,塑胶事业部
三代健新潮400,FGJ--8319,件(40只),535×340×215,8,塑胶事业部
大健泡杯,,件(40只),595×373×205,10.2,塑胶事业部
中健泡杯,,件(40只),550×350×183,8.8,塑胶事业部
小健泡杯,,件(40只),500×315×170,7.6,塑胶事业部
二代健泡杯220ML,FGA508-220,件(40只),500×315×170,9.2,塑胶事业部
二代健泡杯380ML,FGA508-380,件(40只),500×315×170,11,塑胶事业部
320ml富光健牌泡杯,FHP118-320,件(40只),500×315×170,16.8,塑胶事业部
320健新奥口杯,FGJ--8623,件(40只),533×335×197,10,塑胶事业部
220健新奥口杯,FGJ--8622,件(40只),533×335×167,8.4,塑胶事业部
二代280健新奥口杯,FGA506-280,件(40只),,8.2,塑胶事业部
二代380健新奥口杯,FGA506-380,件(40只),,10.6,塑胶事业部
三代360健新奥口杯-1,FGA507-360,件(40只),,9.6,塑胶事业部
三代360健新奥口杯-2,FGA507-360,件(40只),,9.6,塑胶事业部
健牌磁化口杯240,FGJ--8365,件(40只),475×295×180,5.8,塑胶事业部
健牌磁化口杯280,FGJ--8366,件(40只),510×318×195,7,塑胶事业部
健牌磁化口杯360,FGJ--8367,件(40只),540×340×205,7.6,塑胶事业部
健牌旋风口杯一型220,FGA-500-220,件(40只),468×300×175,5.2,塑胶事业部
健牌旋风口杯一型320,FGA-500-320,件(40只),530×335×195,6.4,塑胶事业部
健牌旋风口杯一型460,FGA-500-460,件(40只),590×375×200,7.6,塑胶事业部
健牌旋风口杯二型180,FGA-501-180,件(40只),468×300×175,5.2,塑胶事业部
健牌旋风口杯二型240,FGA-501-240,件(40只),530×335×195,6.6,塑胶事业部
健牌旋风口杯二型360,FGA-501-360,件(40只),590×375×200,7.8,塑胶事业部
健牌悠乐口杯180,FGA-502-180,件(40只),465×295×185,4.6,塑胶事业部
健牌悠乐口杯320,FGA-502-320,件(40只),540×340×212,6.4,塑胶事业部
600悠乐心灵节奏,,只,540×340×212,5.5,塑胶事业部
400悠乐缤纷色彩,,只,540×340×212,4.8,塑胶事业部
悠乐真空杯,,只,540×340×212,38,真空事业部
1000悠乐太空杯,,件(48只),540×340×212,10.6,塑胶事业部
220ml悠乐-灵动炫彩,YP-3003,件(40只),540×340×212,17.8,塑胶事业部
280ml悠乐-灵动炫彩,YP-3004,件(40只),540×340×212,19.8,塑胶事业部
健牌新潮5号180,FGA503-180,件(40只),460×290×170,6,塑胶事业部
健牌新潮5号260,FGA503-260,件(40只),510×320×180,7,塑胶事业部
健牌新潮5号380,FGA503-380,件(40只),568×360×195,8.8,塑胶事业部
健牌新潮5号520,FGA503-520,件(40只),610×380×215,9.8,塑胶事业部
1.0L侧按瓶,FG-1230-100,件(12只),615×460×295,22,塑胶事业部
1.3L多用保温瓶,FGA342-1300,件(12只),688×450×425,26.6,塑胶事业部
1.3L侧按瓶 瓶胆,FG-1230-130,件(24只),615×460×325,12,塑胶事业部
1.6L侧按瓶 瓶胆,FG-1230-130,件(15只),615×460×325,12,塑胶事业部
1.0L多用保温瓶2型,FGA343-1000,件(12只),615×460×325,24.6,塑胶事业部
1.3L侧按瓶,FG-1230-130,件(12只),615×460×325,22,塑胶事业部
1.6L侧按瓶,FG-1220-160,件(12只),610×465×295,22,塑胶事业部
2L新水瓶,FG-1220-200,件(12只),688×450×425,24,塑胶事业部
1.0L真空保温瓶1型,FGL-3294,件(12只),688×450×425,38,真空事业部
1.3L真空保温瓶1型,FGL-3295,件(12只),688×450×425,40,真空事业部
1.3L真空保温瓶2型,FGL-3297,件(12只),688×450×425,46,真空事业部
1.6L真空保温瓶2型,FGL-3298,件(12只),688×450×425,48,真空事业部
1.0L多用保温瓶,FGA342-1000,件(12只),688×450×425,24.6,塑胶事业部
小健新潮,,件(40只),490×310×180,6.2,塑胶事业部
中健新潮,,件(40只),570×360×202,7.6,塑胶事业部
500健新潮杯,,件(40只),615×390×195,8.8,塑胶事业部
大健新潮,,件(30只),615×390×220,11.8,塑胶事业部
富光双层塑玻杯（小）,FGH--2107,件(30只),392×330×170,17.2,塑胶事业部
320ML塑玻5型口杯, FGA307-320,件(30只),,38,塑胶事业部
400ML塑玻5型办公杯,FGA307B-400,件(20只),,42.8,塑胶事业部
240塑玻泡茶师,FGA-240,件(20只),520×430×280,48,塑胶事业部
260塑玻工艺口杯,FGA301-260,件(20只),560×445×280,88,塑胶事业部
260ML塑玻口杯3型,FGA302-260,件(20只),625×460×260,28,塑胶事业部
300ML塑玻办公杯3型,FGA302-300B,件(20只),,36,塑胶事业部
180ML塑玻口杯3型,FGA302-180,件(20只),625×460×260,22,塑胶事业部
400ML塑玻口杯3型,FGA302-400,件(20只),625×460×260,38,塑胶事业部
中号双层塑玻滤叶办公杯(精),FGH--2113,件(16只),552×372×206,33.6,塑胶事业部
塑玻办公杯2型盖,,只,552×372×206,5,塑胶事业部
富光双层塑玻杯2型（小）,FGH--2189,件(30只),380×320×180,22,塑胶事业部
塑玻办公杯1型胆口圈,,只,552×372×206,0.25,塑胶事业部
小塑玻2型盖圈,,只,552×372×206,0.2,塑胶事业部
直径30铝标,,只,552×372×206,0.65,塑胶事业部
二代中塑玻外壳,,只,552×372×206,19,塑胶事业部
中塑玻1型杯盖,,只,552×372×206,4.5,塑胶事业部
中塑玻1型塑盖,,只,552×372×206,2.4,塑胶事业部
中塑玻1型衬片,,只,552×372×206,0.3,塑胶事业部
中塑玻1型亮片,,只,552×372×206,0.3,塑胶事业部
盖圈,,只,552×372×206,0.3,塑胶事业部
大号塑玻外壳,,只,552×372×206,21,塑胶事业部
富光双层塑玻杯（中）,FGH--2106,件(30只),423×355×192,20.8,塑胶事业部
大塑玻1型特厚胆口圈,,只,552×372×206,0.55,塑胶事业部
中塑玻2型办公杯肩圈,,只,552×372×206,1.5,塑胶事业部
精品塑玻杯,,套,552×372×206,60,塑胶事业部
塑玻5型胆口圈,,只,552×372×206,0.45,塑胶事业部
二代中塑玻钢托,,只,552×372×206,1.5,塑胶事业部
二代中塑玻杯盖,,只,552×372×206,3.6,塑胶事业部
二代塑玻办公杯钢托,,只,552×372×206,2,塑胶事业部
二代塑玻胆底圈,,只,552×372×206,0.2,塑胶事业部
二代塑玻防震圈,,只,552×372×206,0.2,塑胶事业部
精品陶瓷杯杯盖（锌合金）,,只,552×372×206,8.5,塑胶事业部
富光双层塑玻杯2型（中）,FGH--2184,件(30只),417×350×210,27.6,塑胶事业部
精品陶瓷杯塑盖,,只,552×372×206,3,塑胶事业部
中塑玻办公杯杯盖,,只,552×372×206,2,塑胶事业部
胆底圈,,只,552×372×206,0.3,塑胶事业部
二代小塑玻外壳,,只,552×372×206,17,塑胶事业部
富光双层塑玻杯（大）,FGH--2108,件(30只),494×412×205,25.8,塑胶事业部
中号双层塑玻办公杯,FGH--2109,件(16只),552×372×206,30.8,塑胶事业部
300ml双层塑玻办公杯2型,FGH--2186,件(20只),445×420×170,28.8,塑胶事业部
大号双层塑玻办公杯,FGH--2115,件(16只),616×420×225,36.8,塑胶事业部
加长小塑玻,FGH--2130,件(30只),370×310×210,16.8,塑胶事业部
动感滤叶太空杯500ml,FGA--1200,件(48只),410×340×437,5,塑胶事业部
动感铝盖500杯,FGA-1235,件(48只),,6.1,塑胶事业部
动感铝盖650杯,FGA-1236,件(48只),,6.7,塑胶事业部
动感铝盖800杯,FGA-1237,件(48只),,7.1,塑胶事业部
动感铝盖1000杯,FGA-1238,件(48只),,8.1,塑胶事业部
动感铝盖1500杯,FGA-1239,件(48只),,10.5,塑胶事业部
动感铝盖2000杯,,件(30只),,12.5,塑胶事业部
大马克杯,,只,,10,塑胶事业部
1000ml动感2型太空杯,,只,,7,塑胶事业部
1500ml动感2型太空杯,,只,,9.4,塑胶事业部
动感滤叶太空杯650ml,FGA--1201,件(48只),455×370×425,5.6,塑胶事业部
动感滤叶太空杯800ml,FGA--1202,件(48只),490×436×460,6,塑胶事业部
动感滤叶太空杯1000ml,FGA--1203,件(48只),510×445×475,7,塑胶事业部
动感滤叶太空杯1500ml,FGA--1204,件(48只),595×510×525,9.4,塑胶事业部
动感滤叶太空杯2000ml,FGA--1205,件(30只),580×360×605,11.4,塑胶事业部
动感滤叶太空杯2800ml,FGA-1337,件(30只),580×360×605,14.8,塑胶事业部
小健玲珑,,件(40只),468×295×140,5,塑胶事业部
350ml悠然1型口杯,FGA565-350,件(40只),468×295×140,9.8,塑胶事业部
400ml悠然1型口杯,FGA565-400,件(40只),468×295×140,10.8,塑胶事业部
420ml悠然2型口杯,FGA565-420-2,件(40只),468×295×140,11.8,塑胶事业部
小健牌玲珑口杯1型,FGA571-200,件(40只),468×295×140,8.6,塑胶事业部
小健牌玲珑口杯2型,FGA571-200,件(40只),468×295×140,8.6,塑胶事业部
小健牌玲珑口杯3型,FGA571-200,件(40只),468×295×140,8.6,塑胶事业部
小健自旋,,件(40只),507×318×175,8,塑胶事业部
中健自旋,,件(40只),527×330×185,8.8,塑胶事业部
大健自旋,,件(40只),600×375×210,11.2,塑胶事业部
健大新世纪,,件(30只),590×490×260,12.6,塑胶事业部
多功能泡杯（小）1型,FGF--701,件(40只),500×318×167,12.8,塑胶事业部
大泡杯外壳,,只,,16.3,塑胶事业部
大泡杯外壳（无顶标）,,只,,15.3,塑胶事业部
中泡杯外壳,,只,,13,塑胶事业部
多功能泡杯（中）1型,FGF--700,件(40只),550×350×180,14.8,塑胶事业部
多功能泡杯（大）1型,FGF--702,件(40只),595×373×203,19.6,塑胶事业部
二代富光泡杯220ML,FGA117-220,件(40只),595×373×203,15.6,塑胶事业部
二代富光泡杯380ML,FGA117-380,件(40只),,18,塑胶事业部
大泡杯（无标）,,只,,15,塑胶事业部
多功能泡杯（大）2型,FGF--737,件(40只),,21.6,塑胶事业部
多功能泡杯（中）2型,FGF--738,件(40只),,17.6,塑胶事业部
多功能泡杯（小）2型,FGF--739,件(40只),,14.6,塑胶事业部
磁化保健杯（小）,FGD--401,件(40只),510×310×170,8.4,塑胶事业部
磁化保健杯（中）,FGD--402,件(40只),560×350×195,11,塑胶事业部
富光中口杯,FGF--602,件(40只),580×350×195,15,塑胶事业部
二代富光300ml口杯,FGA205-300,件(40只),,13.8,塑胶事业部
二代富光360ml口杯,FGA205-360,件(40只),,15.8,塑胶事业部
富光大口杯,FGF--603,件(40只),,19.6,塑胶事业部
晶致口杯（小）,FGF--712,件(40只),455×285×160,10.6,塑胶事业部
晶致口杯（中）,FGF--714,件(40只),520×325×178,13.6,塑胶事业部
晶致口杯（大）,FGF--715,件(40只),575×360×190,15.8,塑胶事业部
晶致二号180ML杯,FGF--724,件(40只),575×360×190,10.8,塑胶事业部
晶致二号260ML杯,FGF--723,件(40只),575×360×190,12.6,塑胶事业部
晶致二号380ML杯,FGF--722,件(40只),575×360×190,15.6,塑胶事业部
晶致二号520ML杯,FGF--721,件(40只),575×360×190,18.6,塑胶事业部
小双莹160ml,FGF-730,件(40只),465×295×155,9.2,塑胶事业部
中双莹220ml,FGF-729,件(40只),525×330×175,12.2,塑胶事业部
大双莹320ml,FGF-728,件(40只),560×350×195,13.8,塑胶事业部
小卓尔,FGF-733,件(40只),465×290×180,14.6,塑胶事业部
中卓尔,FGF-732,件(40只),515×315×195,17.6,塑胶事业部
大卓尔,FGF-731,件(40只),540×335×208,20.6,塑胶事业部
新动感500太空杯三型,FGA123-500,件(48只),,5.2,塑胶事业部
500ML新动感1型,FGA121-500,件(48只),,6.2,塑胶事业部
600ML新动感1型,FGA121-600,件(48只),,6.8,塑胶事业部
新动感400ML2型,FGA122-400,件(48只),,5.2,塑胶事业部
新动感500ML2型,FGA122-500,件(48只),,5.6,塑胶事业部
800ML新动感太空杯3型-2,FGA123-800,件(48只),,7.8,塑胶事业部
1000ML新动感太空杯3型-2,FGA123-1000,件(48只),,8.8,塑胶事业部
新动感600太空杯三型,FGA123-600,件(48只),,5.8,塑胶事业部
新动感400太空杯三型-2,FGA123-400,件(48只),,4.8,塑胶事业部
新动感500太空杯三型-2,FGA123-500,件(48只),,5.2,塑胶事业部
新动感600太空杯三型-2,FGA123-600,件(48只),,5.8,塑胶事业部
动感太空杯650ml五型,FGA118--650,件(48只),,5.8,塑胶事业部
动感太空杯800ml五型,FGA118--800,件(48只),,6.6,塑胶事业部
新动感600ML2型,FGA122-600,件(48只),,6.2,塑胶事业部
400ML新动感1型,FGA121-400,件(48只),,5.6,塑胶事业部
320健牌至诚,FGA560-320,件(40只),,7.6,塑胶事业部
800ml健至诚杯1型,FGA508-800,件(40只),,10.8,塑胶事业部
800ml健至诚杯2型,FGA509-800,件(40只),,10.8,塑胶事业部
300ml健至情口杯,FGA569-300,件(40只),,7.2,塑胶事业部
360ml健至情口杯,FGA569-360,件(40只),,8,塑胶事业部
400健牌至诚,FGA560-400,件(40只),,8.2,塑胶事业部
300健牌至诚4型,FGA562-300,件(40只),,9.8,塑胶事业部
360健牌至诚4型,FGA562-360,件(40只),,10.8,塑胶事业部
260ml健牌至诚5型,FGA562-260,件(40只),,7.2,塑胶事业部
180ml健至诚杯5型,FGA562-180,件(40只),,6.2,塑胶事业部
380ml健至诚杯5型,FGA562-380,件(40只),,8.2,塑胶事业部
600ml健至诚杯1型,FGA508-600,件(40只),,9.8,塑胶事业部
600ml健至诚杯2型,FGA509-600,件(40只),,9.8,塑胶事业部
A型200运动壶,FGQ--1212,件(48只),360×245×325,3.2,塑胶事业部
500运动壶4型,FGA139-500,件(48只),575×385×635,4.6,塑胶事业部
A型300运动壶,FGQ--1210,件(48只),396×265×370,3.6,塑胶事业部
A型400运动壶,FGQ--1211,件(48只),425×285×375,4,塑胶事业部
A型500运动壶,FGQ--1205,件(48只),435×295×395,4.4,塑胶事业部
A型600运动壶,FGQ--1206,件(48只),435×295×450,5,塑胶事业部
A型800运动壶,FGQ--1207,件(48只),480×315×500,6,塑胶事业部
A型1000运动壶,FGQ--1208,件(48只),500×340×545,7,塑胶事业部
A型1500运动壶,FGQ--1209,件(48只),575×385×635,9,塑胶事业部
300运动壶4型,FGA139-300,件(48只),575×385×635,3.8,塑胶事业部
600ml生态壶,FGK--2021,件(8只),470×330×230,138,真空事业部
1.3L真空便当盒,FGL-3319,件(20只),470×330×230,98,真空事业部
3.2L真空车载壶,FGL-3305,件(8只),470×330×230,146,真空事业部
FGA富光双层杯280ML,FS8002-280-Z,件(20只),,26.1,塑胶事业部
FGA富光双层杯400ML,FS8002-400B-Z,件(16只),,29.5,塑胶事业部
500真空保温壶,FGL--3149,件(20只),465×375×240,42,真空事业部
650真空保温壶,FGL--3150,件(20只),465×375×270,44,真空事业部
750富光真空焖烧壶,FGL--3256,件(20只),,58.8,真空事业部
"260ML欣瑞
真空杯",FGL-8000,件(20只),,24,真空事业部
提带500无尾真空子弹头杯,FGL--3053,件(30只),440×365×255,38,真空事业部
子弹头杯套,,只,,6,真空事业部
通用杯套,,只,,5.5,真空事业部
提带350无尾真空子弹头杯,FGL--3052,件(30只),440×365×210,36,真空事业部
提带260无尾真空子弹头杯,FGL--3066,件(30只),360×300×200,32,真空事业部
480真空子弹头杯,FGL--3206,件(30只),480×405×230,38,真空事业部
600真空子弹头杯,FGL--3207,件(30只),480×405×270,40,真空事业部
卓尔350子弹头,FGL--3130,件(30只),430×360×215,29.6,真空事业部
卓尔500子弹头,FGL--3129,件(30只),430×360×260,31.6,真空事业部
500ML真空子弹头4型,FGL--3269,件(30只),,30.6,真空事业部
380ML真空子弹头4型,FGL--3268,件(30只),,28.6,真空事业部
420E动真空壶2型,FGL--3104-2,件(30只),430×365×252,35,真空事业部
350E动真空壶2型,FGL--3105-2,件(30只),430×365×220,33,真空事业部
300顺风真空杯1型（精装）,FGL--3116,件(20只),635×450×255,36,真空事业部
400顺风真空杯1型（精装）,FGL--3117,件(20只),635×450×255,38,真空事业部
380顺风真空杯3型,FGL-3317,件(30只),635×450×255,37.8,真空事业部
420顺风真空杯2型,FGL-3126,件(20只),635×450×255,38,真空事业部
特制400顺风裂纹杯,,只,635×450×255,60,真空事业部
360顺风真空杯2型（精装）,FGL--3125,件(20只),635×450×255,36,真空事业部
240顺风真空杯3型,FGL-3310,件(30只),635×450×255,34.6,真空事业部
420乘风真空杯,FGL-3235,件(20只),630×435×245,138,真空事业部
450乘风真空办公杯,FGL-3236,件(16只),695×435×235,158,真空事业部
260乘风真空杯,FGL--3151,件(20只),630×435×245,118,真空事业部
360乘风真空杯,FGL--3152,件(20只),630×435×245,128,真空事业部
280乘风生态杯,FGL--3243,件(20只),523×440×255,86,真空事业部
450乘风生态办公杯,FGL-3248,件(16只),655×440×255,108,真空事业部
260至臻真空杯,FGL--3119,件(20只),630×435×245,148,真空事业部
320至臻工艺办公杯2型,FGL-3274,件(16只),,188,真空事业部
380至臻工艺杯3型,FGL-3322,件(20只),,186,真空事业部
280至臻真空生态杯,FGL-3348,件(16只),,286,真空事业部
460至臻恒远工艺办公杯,FGL-3284,件(16只),,118,真空事业部
350至臻恒远工艺杯,FGL-3283,件(20只),,98,真空事业部
400ml至臻真空生态办公杯,FGL-3349,件(16只),,298,真空事业部
520至臻工艺办公杯3型,FGL-3323,件(16只),,198,真空事业部
320至臻水晶工艺杯,FGL-3334,件(16只),,256,真空事业部
460至臻水晶工艺办公杯,FGL-3335,件(16只),,268,真空事业部
350至臻真空杯,FGL--3120,件(20只),630×435×245,168,真空事业部
420至臻真空杯,FGL-3239,件(20只),640×445×260,188,真空事业部
460至臻真空办公杯,FGL-3240,件(16只),695×435×240,198,真空事业部
460至臻生态办公杯(陶瓷),FGL-3276,件(16只),,188,真空事业部
460至臻生态办公杯(紫砂),FGL-3276,件(16只),,188,真空事业部
280至臻生态杯（陶瓷）,FGL-3275,件(20只),,168,真空事业部
280至臻生态杯（紫砂）,FGL-3275,件(20只),,168,真空事业部
300至臻工艺杯2型,FGL-3273,件(20只),,158,真空事业部
360皮纹真空杯,FGL-3247,件(20只),515×415×270,86,真空事业部
280皮纹生态杯,FGL-3252,件(20只),523×440×255,78,真空事业部
450皮纹真空办公杯,FGL-3286,件(16只),,116,真空事业部
450皮纹生态办公杯,FGL-3285,件(16只),,88,真空事业部
360真空广告杯,FGL-3208,件(20只),615×440×215,56,真空事业部
320休闲真空杯,FGL-3249,件(20只),625×450×260,34,真空事业部
300富光真空滤叶杯,FGL—3337,件(30只),625×450×260,32,真空事业部
200富光休闲真空杯2型,FGL—3306,件(20只),625×450×260,31.6,真空事业部
260富光休闲真空杯2型,FGL—3307,件(20只),625×450×260,32.8,真空事业部
280富光休闲真空杯2型,FGL—3308,件(20只),625×450×260,33.6,真空事业部
400富光休闲真空杯2型,FGL—3309,件(20只),625×450×260,36.8,真空事业部
450富光休闲真空办公杯2型,FGL—3318,件(16只),625×450×260,41.6,真空事业部
B型200运动壶,FGQ--1212B,件(48只),360×245×325,3.7,塑胶事业部
B型300运动壶,FGQ--1210B,件(48只),396×265×370,4.1,塑胶事业部
B型500运动壶,FGQ--1205B,件(48只),435×295×395,4.9,塑胶事业部
B型1500运动壶,FGQ--1209B,件(48只),575×385×635,10,塑胶事业部
B型400运动壶,FGQ--1211B,件(48只),575×385×635,4.5,塑胶事业部
B型600运动壶,FGQ--1206B,件(48只),575×385×635,5.8,塑胶事业部
750富光旅行壶,FGL-3154,件(12只),415×375×275,52,真空事业部
新1.0L富光旅行壶,FGL-3155,件(12只),405×365×325,56,真空事业部
新1.5L富光旅行壶,FGL-3157,件(12只),485×410×325,66,真空事业部
新1.8L富光旅行壶,FGL-3158,件(12只),500×420×355,70,真空事业部
二代750富光旅行壶,FGL-3220,件(12只),415×315×275,48,真空事业部
二代1.0L富光旅行壶,FGL-3221,件(12只),415×315×325,52,真空事业部
1.0L富光旅行壶3型,FGL-3259,件(12只),415×315×325,58,真空事业部
1.5L富光旅行壶3型,FGL-3260,件(12只),415×315×325,62,真空事业部
1.8L富光旅行壶3型,FGL-3261,件(12只),415×315×325,66,真空事业部
420酷派生态办公杯,FGL-3139,件(16只),636×440×260,46,真空事业部
480酷派真空办公杯,FGL-3138,件(16只),665×425×240,50,真空事业部
500ml酷派真空杯,FGL--3137,件(30只),475×400×275,48,真空事业部
1.2L真空多用壶,FGL-3201,件(8只),545×330×270,66,真空事业部
1.5L真空多用壶,FGL--3202,件(8只),545×330×290,70,真空事业部
二代1.5L真空多用壶,FGL--3255,件(8只),545×330×290,68,真空事业部
360经典真空杯三型,FGL--3203,件(20只),615×440×260,35,真空事业部
420经典真空杯三型,FGL--3204,件(20只),615×440×260,38,真空事业部
480经典真空办公杯三型,FGL--3205,件(16只),635×395×260,46,真空事业部
三代360ml水晶真空杯,FGL--3113,件(20只),565×340×235,88,真空事业部
480水晶真空办公杯2型,FGL--3097,件(16只),665×425×240,96,真空事业部
三代260ml水晶真空杯,FGL--3112,件(20只),665×425×240,80,真空事业部
二代260ml水晶真空杯,,件(20只),665×425×240,25,真空事业部
一代360ml水晶真空杯,,件(20只),665×425×240,25,真空事业部
360经典真空口杯2型,FGL--3089,件(20只),565×340×235,38,真空事业部
480经典真空办公杯A型,FGL--3088,件(16只),665×425×240,49,真空事业部
中经典单层水晶口杯380ml,G108-380,件(16只),665×425×240,58,玻璃事业部
480经典真空办公杯B型,FGL--3086,件(16只),665×425×240,49,真空事业部
380ml经典单层水晶玻璃杯二型,G111-380,件(16只),665×425×240,62,玻璃事业部
260经典真空口杯2型,FGL-3090,件(20只),665×425×240,35,真空事业部
360天行真空口杯,FGL--3069,件(20只),530×325×255,62,真空事业部
480天行真空办公杯,FGL--3087,件(16只),665×425×240,66,真空事业部
360天行真空杯（2型）,FGL—3303,件(20只),665×425×240,96,真空事业部
560天行真空办公杯（2型）,FGL—3304,件(16只),665×425×240,106,真空事业部
260天行真空口杯,FGL--3068,件(20只),530×325×255,58,真空事业部
280不锈钢真空泡茶师,FGL--3099,件(20只),520×430×280,88,真空事业部
360不锈钢真空泡茶师,FGL--3100,件(20只),520×430×280,96,真空事业部
340富光真空泡茶师,FGL-3215,件(20只),520×430×280,66,真空事业部
二代280生态泡茶师,FGL--3278,件(20只),520×430×280,66,真空事业部
二代360生态泡茶师(紫砂),FGL--3291,件(20只),520×430×280,86,真空事业部
二代360生态泡茶师(陶瓷),FGL--3291,件(20只),520×430×280,86,真空事业部
460真空泡茶师2型,FGL--3290,件(20只),520×430×280,86,真空事业部
二代茗派220生态杯,FGL-3224,件(20只),615×440×265,28,真空事业部
二代茗派280生态杯,FGL-3225,件(20只),615×440×265,30,真空事业部
二代茗派380生态杯,FGL-3226,件(20只),615×440×265,32,真空事业部
二代420茗派生态办公杯,FGL-3227,件(16只),635×395×265,40,真空事业部
280卓尔真空杯,FGL--3084,件(20只),390×325×200,30,真空事业部
360卓尔真空杯,FGL--3083,件(20只),635×450×255,32,真空事业部
360不真空杯,BJ-360,件(20只),635×450×255,14,真空事业部
300时尚太空杯,FGA124-300,件(48只),,4.2,塑胶事业部
1000时尚六型太空杯-2,FGA150-1000-6,件(48只),500×340×550,8.2,塑胶事业部
400时尚八型太空杯,FGA105-400,件(48只),,5.6,塑胶事业部
600时尚八型太空杯,FGA105-600,件(48只),,6.6,塑胶事业部
1000时尚 2型太空杯,FGQ--1309,件(48只),570×395×615,8.2,塑胶事业部
750时尚5型,,件(48只),570×395×615,8,塑胶事业部
400时尚太空杯,FGA124-400,件(48只),,4.6,塑胶事业部
500时尚2型太空杯,FGQ--1306,件(48只),440×310×410,6.2,塑胶事业部
650时尚 2型太空杯,FGQ--1307,件(48只),480×320×435,6.6,塑胶事业部
800时尚 2型太空杯,FGQ--1308,件(48只),470×320×490,7.4,塑胶事业部
1500时尚 2型太空杯,FGQ--1310,件(48只),570×395×615,10.6,塑胶事业部
600时尚六型太空杯,FGA-150-600-6,件(48只),480×380×425,6.6,塑胶事业部
800时尚六型太空杯,FGA-150-800-6,件(48只),480×330×490,7.5,塑胶事业部
1000时尚六型太空杯-1,FGA150-1000-6,件(48只),500×340×550,8.2,塑胶事业部
280茗派生态杯,FGK--2047,件(20只),625×450×285,28,真空事业部
480茗派真空办公杯,FGL-3234,件(16只),635×395×265,46,真空事业部
360茗派真空办公杯,FGL-3237,件(16只),666×426×240,42,真空事业部
380茗派生态杯,FGK--2048,件(20只),625×450×285,30,真空事业部
400茗派生态办公杯,FGK--2049,件(16只),636×400×260,38,真空事业部
300茗派真空杯,FGL-3231,件(20只),615×440×265,32,真空事业部
340茗派真空杯,FGL-3232,件(20只),615×440×265,34,真空事业部
240茗派生态真空杯,FGL-3228,件(16只),520×340×275,58,真空事业部
320茗派真空生态杯,FGL-3229,件(16只),520×340×275,65,真空事业部
420茗派真空杯,FGL-3233,件(20只),615×440×265,37,真空事业部
360茗派真空生态办公杯,FGL-3230,件(16只),666×426×240,68,真空事业部
定制礼品玻璃套装,,只,,128,玻璃事业部
280生态杯,FGK--2010,件(12只),510×365×270,106,真空事业部
350瓷韵生态杯（瓷胆）,FGL-3314,件(12只),636×400×260,198,真空事业部
400ml顺风不真空杯,BJ-403,件(20只),636×400×260,13,真空事业部
二代280生态杯,FGK--2022,件(16只),520×340×275,88,真空事业部
二代380生态杯,FGK--2027,件(16只),520×340×275,96,真空事业部
400生态办公杯,FGK--2020,件(16只),665×425×240,108,真空事业部
280双层生态杯,FGK--2028,件(20只),635×450×255,40,真空事业部
380双层生态杯,FGK--2029,件(20只),635×450×255,42,真空事业部
400双层生态办公杯,FGK--2030,件(16只),636×400×260,46,真空事业部
FGA双层瓷胆办公杯,,只,636×400×260,32.1,真空事业部
280瓷韵生态杯（瓷胆）,FGL-3313,件(12只),636×400×260,188,真空事业部
260超炫真空杯1型(劈花),FGL--3103,件(20只),565×340×235,50,真空事业部
280超炫生态杯（瓷胆）,FGL—3312,件(20只),,80,真空事业部
400超炫生态办公杯,FGL—3324,件(16只),,92.8,真空事业部
360超炫真空杯1型(劈花),FGL--3102,件(20只),565×340×245,53,真空事业部
360超炫真空杯2型(礼盒),FGL--3121,件(20只),565×340×235,53,真空事业部
420超炫真空杯2型(礼盒),FGL--3122,件(20只),565×340×235,58,真空事业部
360超炫真空嵌表杯,FGL--3127,件(20只),630×450×260,88,真空事业部
350超炫真空杯3型,FGL--3277,件(20只),,63.8,真空事业部
420超炫真空杯3型,FGL--3270,件(20只),,68.8,真空事业部
420超炫真空办公杯3型,FGL--3271,件(16只),,82,真空事业部
500超炫真空办公杯3型,FGL--3272,件(16只),,88,真空事业部
富光玻璃杯(精品)(描金)大号,FGH-2122,件(20只),490×440×232,40,玻璃事业部
富光玻璃杯(精品)(描金)中号,FGH-2123,件(20只),500×440×236,38,玻璃事业部
富光玻璃杯(精品)(描金)小号,FGH-2124,件(20只),490×440×232,34,玻璃事业部
双层玻璃办公杯  大号,FGH-2121,件(16只),655×435×220,50,玻璃事业部
双层玻璃办公杯 中号,FGH-2120,件(16只),590×380×200,46,玻璃事业部
双层玻璃办公杯 小号,FGH-2128,件(16只),590×380×200,42,玻璃事业部
富光玻璃杯(精品)(描金)特号,FGH-2140,件(16只),490×440×232,46,玻璃事业部
富光玻璃套装(3件套),FGH-2139,件(10只),640×480×250,108,玻璃事业部
极品玻璃杯 小号,FGH-2152,件(16只),635×405×270,86,玻璃事业部
极品玻璃杯 中号,FGH-2151,件(16只),635×405×270,88,玻璃事业部
极品玻璃杯 大号,FGH-2150,件(16只),635×405×270,90,玻璃事业部
极品办公杯 小号,FGH-2155,件(16只),640×445×280,96,玻璃事业部
极品办公杯 中号,FGH-2154,件(16只),640×445×280,98,玻璃事业部
尊贵玻璃杯 小号,FGH-2180,件(18只),513×492×240,36.6,玻璃事业部
尊贵玻璃杯 中号,FGH-2179,件(18只),513×492×240,38.6,玻璃事业部
尊贵玻璃杯 大号,FGH-2178,件(18只),513×492×240,40.6,玻璃事业部
尊贵办公杯 中号,FGH-2182,件(18只),620×499×216,46.6,玻璃事业部
尊贵办公杯小号,FGH-2183,件(18只),620×499×216,44.6,玻璃事业部
特号尊贵玻璃杯,,只,620×499×216,53,玻璃事业部
精工玻璃杯 小号,FGH-2162,件(30只),440×380×210,17.8,玻璃事业部
精工玻璃杯 中号,FGH-2161,件(30只),615×365×235,18.8,玻璃事业部
精工玻璃杯  大号,FGH-2160,件(30只),615×365×235,21,玻璃事业部
精工玻璃办公杯  小号,FGH-2165,件(16只),535×315×195,24.8,玻璃事业部
精工玻璃办公杯   中号,FGH-2164,件(16只),540×340×195,26.8,玻璃事业部
精彩玻璃杯特号,221-500,件(20只),635×345×245,19.8,玻璃事业部
精彩玻璃杯大号,FGH-221-320,件(20只),635×435×245,16.8,玻璃事业部
精彩玻璃杯中号,FGH-221-280,件(20只),635×435×245,15.8,玻璃事业部
精彩玻璃杯小号,FGH-221-200,件(20只),635×435×245,14.8,玻璃事业部
精彩玻璃办公杯中号,FGH-221B-320,件(20只),635×435×245,18.8,玻璃事业部
精彩玻璃办公杯小号,FGH-221B-260,件(20只),635×435×245,16.8,玻璃事业部
精彩玻璃三件套,222-540,件(10套),690×500×270,55,玻璃事业部
精彩玻璃二件套,222-540,件(10套),655×455×245,38.8,玻璃事业部
精致玻璃杯特号,FGH-2195,件(30只),510×425×205,18.8,玻璃事业部
精致玻璃杯大号,FGH-2190,件(30只),440×370×210,11.8,玻璃事业部
精致玻璃杯中号,FGH-2191,件(30只),435×365×200,10.8,玻璃事业部
精致玻璃杯小号,FGH-2192,件(30只),355×295×180,9.8,玻璃事业部
精致玻璃办公杯中号,FGH-2193,件(20只),460×420×170,14.8,玻璃事业部
精致玻璃办公杯小号,FGH-2194,件(20只),420×385×172,13.8,玻璃事业部
400超越太空杯2型,FGA--1339-2,件(48只),460×310×345,4.5,塑胶事业部
500超越太空杯2型,FGA--1340-2,件(48只),471×320×410,5.2,塑胶事业部
400超越太空杯1型,,件(48只),460×310×345,4.5,塑胶事业部
精致单层玻璃杯中号,FGH-201-460,件(40只),545×345×205,7.9,玻璃事业部
精致单层玻璃杯小号,FGH-201-280,件(40只),490×310×175,7.5,玻璃事业部
大暖壶,,件(50只),,3.6,塑胶制品
25KG灰桶,,只,,15,塑胶制品
25KG黑桶,,只,,15,塑胶制品
50KG(1.9)桶,,只,,45,塑胶制品
科大桶,,只,,48,塑胶制品
科大桶(无内塞),,只,,35,塑胶制品
中白水舀,,件(100只),,1.4,塑胶制品
小暖壶,,件(100只),,2,塑胶制品
特大暖壶,,件(40只),,4,塑胶制品
小洒水壶,,件(15只),,4.9,塑胶制品
大洒水壶,,件(15只),,8.6,塑胶制品
注塑5P,,件(12只),,6.2,塑胶制品
精品5P,,件(30只),,4.4,塑胶制品
吹塑5P,,件(30只),,4.2,塑胶制品
上海5P,,件(30只),,3.6,塑胶制品
吹塑8P,,件(20只),,6.7,塑胶制品
吹塑5P(带盖),,件(30只),,4.5,塑胶制品
低花痰盂,,件(24只),,3.4,塑胶制品
高花痰盂,,件(18只),,4.3,塑胶制品
低脚痰盂,,件(30只),,3.1,塑胶制品
0.8L喷雾器,,件(20只),,5.6,塑胶制品
1.5L喷雾器,,件(15只),,7,塑胶制品
注塑8P,,件(12只),,8.6,塑胶制品
2.2L喷雾器,,件(15只),,8.5,塑胶制品
吹塑5P盖,,只,,0.3,塑胶制品
2380ML暖壶,,件(30只),,7.6,塑胶制品
大便壶,,件(40只),,3,塑胶制品
50KG(1.9)兰桶(无内塞),,只,,35,塑胶制品
25KG油壶,,件(3只),,21.2,塑胶制品
10KG油壶,,件(12只),,12.2,塑胶制品
2.5KG油壶,,件(48只),,3.6,塑胶制品
5KG油壶,,件(24只),,7,塑胶制品
25KG白桶,,只,,26.8,塑胶制品
精锐玻璃杯精装中号,FGH-233-280,件(20只),680×425×255,28.8,玻璃事业部
精锐玻璃杯普装中号,FGH-235-280,件(30只),430×365×215,16.8,玻璃事业部
精英玻璃杯中号,251-280,件(20只),505×405×270,48.6,玻璃事业部
精英玻璃办公杯中号,251B-320,件(16只),625×360×240,56.6,玻璃事业部
富光单层玻璃杯(中),FGH-2135,件(40只),545×340×190,7.6,玻璃事业部
富光单层玻璃杯(中小),FGH-2136,件(40只),535×335×147,7.4,玻璃事业部
富光单层玻璃杯(小),FGH-2137,件(40只),470×295×180,7,玻璃事业部
富光单层玻璃杯(小小),FGH-2138,件(40只),470×295×148,6.8,玻璃事业部
单层办公杯中号,FGH-2205,件(20只),445×420×170,14.8,玻璃事业部
单层办公杯小号,FGH-2206,件(20只),415×385×160,13.8,玻璃事业部
260玻璃泡茶师,FGH-2185,件(20只),520×430×280,38,玻璃事业部
200玻璃泡茶师,FGH-281-200,件(20只),520×430×280,32,玻璃事业部
富光玻璃茶壶,284B-1000,件(6套),535×430×175,75,玻璃事业部
小号茶壶,,套,535×430×175,180,塑胶事业部
富光金砂茶具套装(4套),FJS101-380,件(4套),535×430×175,560,塑胶事业部
富光金砂茶具套装(8套),FJS102-360,件(8套),535×430×175,440,塑胶事业部
富光金砂自动冲茶壶套装,FJS801-380,件(4套),535×430×175,560,塑胶事业部
富光金砂自动冲茶杯,FJS802-260,件(8套),535×430×175,228,塑胶事业部
富光金砂自动冲茶杯套装,FJS804-260,件(4套),535×430×175,288,塑胶事业部
富光金砂自动冲茶杯（玻璃杯体）,FJS803-260,件(8套),535×430×175,228,玻璃事业部
茶马古道茶具,,套,535×430×175,468,塑胶事业部
精行俭德茶具,,套,535×430×175,368,塑胶事业部
和谐韵茶具,,套,535×430×175,228,塑胶事业部
三和尚,,套,535×430×175,60,塑胶事业部
悦荷品缘茶具,,套,535×430×175,368,塑胶事业部
厚德载物茶具,,套,535×430×175,288,塑胶事业部
润行茶具,,套,535×430×175,188,塑胶事业部
棋语茶具,,套,535×430×175,488,塑胶事业部
花贵茶具,,套,535×430×175,268,塑胶事业部
茗香茶具,,套,535×430×175,158,塑胶事业部
富光玻璃泡茶器500ml,268B-500,件(6套),,56.8,玻璃事业部
中号茶壶,,只,535×430×175,260,塑胶事业部
大号茶壶,,只,535×430×175,300,塑胶事业部
杯子小号,,只,535×430×175,80,塑胶事业部
精品茶具,,套,535×430×175,600,塑胶事业部
大内泡,,套,535×430×175,300,塑胶事业部
小四方茶具,,套,535×430×175,260,塑胶事业部
手提茶具,,套,535×430×175,400,塑胶事业部
大水晶工艺杯,223-320,件(18只),505×490×245,70,玻璃事业部
中号多棱水晶玻璃杯,G106-280,件(20只),520×430×280,128,玻璃事业部
大号多棱水晶玻璃杯,G106-320,件(20只),520×430×280,138,玻璃事业部
中号多棱水晶办公杯,G106-320B,件(16只),520×430×280,148,玻璃事业部
小号多棱水晶办公杯,G106-260B,件(16只),520×430×280,138,玻璃事业部
中水晶工艺杯,223-280,件(18只),505×490×245,66,玻璃事业部
中水晶工艺办公杯,223B-260,件(18只),615×495×220,72,玻璃事业部
大水晶型玻璃杯,227-320型,件(20只),520×430×255,40,玻璃事业部
二代中水晶型玻璃杯,267-280,件(20只),520×420×255,38,玻璃事业部
中水晶型玻璃杯,227-280型,件(20只),520×420×255,38,玻璃事业部
中水晶型玻璃办公杯,227B-320型,件(16只),575×380×225,46,玻璃事业部
中水晶型玻璃泡茶师,281-260,件(20只),520×430×280,48.8,玻璃事业部
大水晶型杯盖,,只,520×430×280,4,玻璃事业部
礼品型玻璃杯  小号,FGH--2174,件(20只),530×451×245,26.8,玻璃事业部
礼品型玻璃杯  中号,FGH--2173,件(20只),530×451×245,28.8,玻璃事业部
礼品型玻璃杯  大号,FGH--2172,件(20只),530×451×245,30.8,玻璃事业部
礼品型办公杯  中号,FGH--2176,件(18只),620×499×216,38.8,玻璃事业部
礼品型办公杯  小号,FGH--2177,件(18只),615×495×220,36.8,玻璃事业部
银象玻璃杯中号（精装）,232-280,件(20只),520×420×255,28.8,玻璃事业部
银象玻璃杯中号（普装）,234-280,件(30只),430×365×215,20,玻璃事业部
动力太空杯600ml,FGA--1347,件(48只),450×310×435,6.2,塑胶事业部
动力太空杯1000ml,FGA--1348,件(48只),533×357×500,9,塑胶事业部
动力太空杯2000ml,,件(30只),533×357×500,13.6,塑胶事业部
磨砂玻璃杯中号,231-280,件(30只),440×370×210,13.6,玻璃事业部
磨砂玻璃杯小号,231-200,件(30只),375×315×185,12.8,玻璃事业部
义乌动感大盖,,只,,1.5,塑胶事业部
茶马仕抽屉礼盒,,只,,2.5,*
手提袋,,只,,1.5,*
运费,,只,,1,*
手提盒,,只,,2.5,*
定制手提盒,,只,,2,*
换盒费用,,只,,1,*
打样及快递费,,只,,1,*
外箱,,只,,1,*
10只装小包装,,只,,1,*
精品塑瓷白盖,,只,,3,*
义乌硅胶吸管,,只,,0.55,塑胶事业部
科大桶外盖,,只,,4.5,*
打样费,,只,,1,*
印刷费,,只,,1,真空事业部
退货,,只,,1,真空事业部
动感大盖,,只,,1.5,塑胶事业部
动感小盖,,只,,1.3,塑胶事业部
小号动感铝盖,,只,,1.5,塑胶事业部
富光杯（塑胶）,,只,,1,塑胶事业部
富光杯（玻璃）,,只,,1,玻璃事业部
富光杯（真空）,,只,,1,真空事业部
塑胶杯订版版费,,只,,50,塑胶事业部
不锈钢茶叶筒,,只,,27.5,真空事业部
让利,,只,,1,真空事业部
高口杯盖,,只,,2,真空事业部
兰大褂,,件,,0,财务部
文化衫,,件,,0,财务部
茶叶,,斤,,0,财务部
圆珠笔,,只,,0,财务部
雨伞,,把,,0,财务部
卸货费,,只,,1,财务部
大号动感铝盖,,只,,2.5,塑胶事业部
玻璃杯订版版费,,只,,50,玻璃事业部
安全帽,,只,,1,塑胶事业部
塑料尺,,只,,0.8,塑胶事业部
笔记本,,只,,0,*
精品塑瓷内盖+硅胶圈,,套,,3.25,*
方盒,,只,,10,*
包,,只,,0,*
夹克衫,,件,,0,*
台历,,只,,0,*
挂历,,只,,0,*
合格证,,只,,0.5,*
真空杯订版版费,,只,,50,真空事业部
说明书,,只,,0.6,*
附加费,,只,,1,*
激光雕刻费,,只,,1,*
盖,,只,,1,*
提绊,,只,,1,*
内塞,,只,,1,*
义乌吊卡,,只,,0.1,塑胶事业部
安全帽订版版费,,只,,40,安全帽事业部
真空杯订版版费,,只,,40,真空事业部
玻璃杯订版版费,,只,,40,玻璃事业部
茶艺玻璃杯大号,261-320,件(30只),440×370×215,13.8,玻璃事业部
茶艺玻璃杯中号,261-280,件(30只),440×370×205,12.8,玻璃事业部
茶艺玻璃杯小号,261-200,件(30只),371×310×180,11.8,玻璃事业部
茶艺玻璃办公杯中号,261B-320,件(20只),450×420×170,16.8,玻璃事业部
茶艺玻璃办公杯小号,261B-260,件(20只),515×295×170,13.8,玻璃事业部
彩艺玻璃杯中号,260-280,件(30只),430×360×200,12.8,玻璃事业部
彩艺玻璃杯小号,260-200,件(30只),390×325×190,11.8,玻璃事业部
中彩艺办公杯,260B-320,件(20只),390×325×190,15.8,玻璃事业部
E动彩艺玻璃杯,BEST06-1007,只,390×325×190,13.3,玻璃事业部
彩艺玻璃杯大号,260-320,件(30只),430×360×200,14.8,玻璃事业部
多彩玻璃六件套装,253-1260,件(6套),495×495×175,40.8,玻璃事业部
多彩玻璃四件套装,253-840,件(6套),510×345×175,28.8,玻璃事业部
多彩玻璃杯,253-210,件(30只),455×380×168,6.8,玻璃事业部
精艺玻璃杯大号,256-320,件(20只),625×465×260,15.8,玻璃事业部
精艺玻璃杯中号,256-280,件(20只),625×465×260,13.8,玻璃事业部
精艺玻璃杯小号,256-200,件(20只),625×465×260,12.8,玻璃事业部
精艺玻璃办公杯中号,256B-320,件(20只),625×450×255,17.8,玻璃事业部
精艺玻璃办公杯小号,256B-260,件(20只),625×450×255,15.8,玻璃事业部
中号黑晶玻璃工艺杯,283-280,件(20只),605×450×270,78,玻璃事业部
大号黑晶玻璃工艺杯,283-320,件(20只),605×430×270,80,玻璃事业部
中号黑晶玻璃工艺办公杯,283B-320,件(16只),675×435×245,88,玻璃事业部
特号黑晶玻璃口杯,283-500,件(16只),675×435×245,118,玻璃事业部
大银龙玻璃杯,292-320,件(20只),635×430×265,90,玻璃事业部
中银龙玻璃杯,292-280,件(20只),635×430×265,88,玻璃事业部
中银龙玻璃办公杯,292B-320,件(16只),,98,玻璃事业部
水晶精艺玻璃杯大号,257-320,件(20只),625×450×255,38,玻璃事业部
水晶精艺玻璃杯中号,257-280,件(20只),625×450×255,35,玻璃事业部
水晶精艺办公杯中号,257B-320,件(20只),625×450×255,48,玻璃事业部
中精艺单层玻璃杯,258-350,件(30只),420×350×205,12.8,玻璃事业部
小精艺单层玻璃杯,258-280,件(30只),375×315×205,11.8,玻璃事业部
小精艺单层玻璃办公杯,258B-350,件(20只),415×375×175,14.8,玻璃事业部
中精艺单层休闲玻璃杯,255A-300,件(30只),,11.8,玻璃事业部
小精艺单层休闲玻璃杯,255A-200,件(30只),,10.8,玻璃事业部
特号精艺单层口杯,258-500,件(30只),,15.8,玻璃事业部
特制G008水晶单层玻璃杯,,只,,16,玻璃事业部
中欣艺玻璃杯,259-280,件(30只),425×355×210,12.8,玻璃事业部
大欣艺玻璃杯,259-320,件(30只),460×385×220,13.8,玻璃事业部
中欣艺玻璃办公杯,259B-320,件(20只),445×410×185,16.8,玻璃事业部
中欣艺内盒,,只,445×410×185,0.4,玻璃事业部
大欣艺内盒,,只,445×410×185,0.45,玻璃事业部